user	avgCalories	minHeartRate
http://www.city.ac.uk/inm713-in3067/2025/Shafi/User_9096	998.0	168
http://www.city.ac.uk/inm713-in3067/2025/Shafi/User_6664	998.0	174
http://www.city.ac.uk/inm713-in3067/2025/Shafi/User_6791	997.0	168
http://www.city.ac.uk/inm713-in3067/2025/Shafi/User_1719	997.0	170
http://www.city.ac.uk/inm713-in3067/2025/Shafi/User_665	997.0	175
http://www.city.ac.uk/inm713-in3067/2025/Shafi/User_2537	997.0	177
http://www.city.ac.uk/inm713-in3067/2025/Shafi/User_7076	996.0	162
http://www.city.ac.uk/inm713-in3067/2025/Shafi/User_4157	996.0	166
http://www.city.ac.uk/inm713-in3067/2025/Shafi/User_9298	996.0	168
http://www.city.ac.uk/inm713-in3067/2025/Shafi/User_576	996.0	169
http://www.city.ac.uk/inm713-in3067/2025/Shafi/User_6843	996.0	172
http://www.city.ac.uk/inm713-in3067/2025/Shafi/User_5157	995.0	162
http://www.city.ac.uk/inm713-in3067/2025/Shafi/User_4619	995.0	165
http://www.city.ac.uk/inm713-in3067/2025/Shafi/User_6220	994.0	166
http://www.city.ac.uk/inm713-in3067/2025/Shafi/User_2197	994.0	175
http://www.city.ac.uk/inm713-in3067/2025/Shafi/User_9898	993.0	165
http://www.city.ac.uk/inm713-in3067/2025/Shafi/User_374	993.0	178
http://www.city.ac.uk/inm713-in3067/2025/Shafi/User_5841	993.0	179
http://www.city.ac.uk/inm713-in3067/2025/Shafi/User_4524	992.0	161
http://www.city.ac.uk/inm713-in3067/2025/Shafi/User_7321	992.0	174
http://www.city.ac.uk/inm713-in3067/2025/Shafi/User_5191	991.0	164
http://www.city.ac.uk/inm713-in3067/2025/Shafi/User_2866	990.0	167
http://www.city.ac.uk/inm713-in3067/2025/Shafi/User_1987	989.0	165
http://www.city.ac.uk/inm713-in3067/2025/Shafi/User_1796	989.0	168
http://www.city.ac.uk/inm713-in3067/2025/Shafi/User_5645	989.0	173
http://www.city.ac.uk/inm713-in3067/2025/Shafi/User_3666	988.0	163
http://www.city.ac.uk/inm713-in3067/2025/Shafi/User_6675	988.0	167
http://www.city.ac.uk/inm713-in3067/2025/Shafi/User_7726	988.0	170
http://www.city.ac.uk/inm713-in3067/2025/Shafi/User_4750	987.0	168
http://www.city.ac.uk/inm713-in3067/2025/Shafi/User_2066	987.0	177
http://www.city.ac.uk/inm713-in3067/2025/Shafi/User_5938	985.0	164
http://www.city.ac.uk/inm713-in3067/2025/Shafi/User_5778	985.0	165
http://www.city.ac.uk/inm713-in3067/2025/Shafi/User_2292	985.0	179
http://www.city.ac.uk/inm713-in3067/2025/Shafi/User_4262	985.0	179
http://www.city.ac.uk/inm713-in3067/2025/Shafi/User_8567	984.0	170
http://www.city.ac.uk/inm713-in3067/2025/Shafi/User_1502	983.0	162
http://www.city.ac.uk/inm713-in3067/2025/Shafi/User_6430	983.0	165
http://www.city.ac.uk/inm713-in3067/2025/Shafi/User_6205	983.0	175
http://www.city.ac.uk/inm713-in3067/2025/Shafi/User_2800	982.0	162
http://www.city.ac.uk/inm713-in3067/2025/Shafi/User_2024	982.0	168
http://www.city.ac.uk/inm713-in3067/2025/Shafi/User_3900	982.0	171
http://www.city.ac.uk/inm713-in3067/2025/Shafi/User_2610	981.0	161
http://www.city.ac.uk/inm713-in3067/2025/Shafi/User_2795	981.0	179
http://www.city.ac.uk/inm713-in3067/2025/Shafi/User_4059	980.0	171
http://www.city.ac.uk/inm713-in3067/2025/Shafi/User_8771	980.0	178
http://www.city.ac.uk/inm713-in3067/2025/Shafi/User_882	979.0	169
http://www.city.ac.uk/inm713-in3067/2025/Shafi/User_954	979.0	171
http://www.city.ac.uk/inm713-in3067/2025/Shafi/User_9427	978.0	168
http://www.city.ac.uk/inm713-in3067/2025/Shafi/User_8085	978.0	175
http://www.city.ac.uk/inm713-in3067/2025/Shafi/User_8170	978.0	175
http://www.city.ac.uk/inm713-in3067/2025/Shafi/User_9985	978.0	175
http://www.city.ac.uk/inm713-in3067/2025/Shafi/User_3013	978.0	176
http://www.city.ac.uk/inm713-in3067/2025/Shafi/User_7182	977.0	178
http://www.city.ac.uk/inm713-in3067/2025/Shafi/User_8687	977.0	178
http://www.city.ac.uk/inm713-in3067/2025/Shafi/User_1405	975.0	166
http://www.city.ac.uk/inm713-in3067/2025/Shafi/User_1248	975.0	167
http://www.city.ac.uk/inm713-in3067/2025/Shafi/User_3541	975.0	167
http://www.city.ac.uk/inm713-in3067/2025/Shafi/User_9156	975.0	170
http://www.city.ac.uk/inm713-in3067/2025/Shafi/User_1371	974.0	163
http://www.city.ac.uk/inm713-in3067/2025/Shafi/User_4720	974.0	166
http://www.city.ac.uk/inm713-in3067/2025/Shafi/User_6308	973.0	165
http://www.city.ac.uk/inm713-in3067/2025/Shafi/User_6561	973.0	165
http://www.city.ac.uk/inm713-in3067/2025/Shafi/User_2936	973.0	169
http://www.city.ac.uk/inm713-in3067/2025/Shafi/User_6139	973.0	175
http://www.city.ac.uk/inm713-in3067/2025/Shafi/User_299	972.0	163
http://www.city.ac.uk/inm713-in3067/2025/Shafi/User_4581	972.0	167
http://www.city.ac.uk/inm713-in3067/2025/Shafi/User_4745	972.0	176
http://www.city.ac.uk/inm713-in3067/2025/Shafi/User_7011	971.0	164
http://www.city.ac.uk/inm713-in3067/2025/Shafi/User_8755	971.0	165
http://www.city.ac.uk/inm713-in3067/2025/Shafi/User_8133	971.0	166
http://www.city.ac.uk/inm713-in3067/2025/Shafi/User_7410	971.0	177
http://www.city.ac.uk/inm713-in3067/2025/Shafi/User_3073	971.0	178
http://www.city.ac.uk/inm713-in3067/2025/Shafi/User_8155	970.0	162
http://www.city.ac.uk/inm713-in3067/2025/Shafi/User_6038	970.0	168
http://www.city.ac.uk/inm713-in3067/2025/Shafi/User_4997	970.0	172
http://www.city.ac.uk/inm713-in3067/2025/Shafi/User_2611	969.0	169
http://www.city.ac.uk/inm713-in3067/2025/Shafi/User_9546	969.0	169
http://www.city.ac.uk/inm713-in3067/2025/Shafi/User_7369	969.0	173
http://www.city.ac.uk/inm713-in3067/2025/Shafi/User_144	968.0	169
http://www.city.ac.uk/inm713-in3067/2025/Shafi/User_8573	968.0	179
http://www.city.ac.uk/inm713-in3067/2025/Shafi/User_1198	967.0	163
http://www.city.ac.uk/inm713-in3067/2025/Shafi/User_9758	967.0	164
http://www.city.ac.uk/inm713-in3067/2025/Shafi/User_4957	967.0	167
http://www.city.ac.uk/inm713-in3067/2025/Shafi/User_1626	967.0	168
http://www.city.ac.uk/inm713-in3067/2025/Shafi/User_9894	967.0	173
http://www.city.ac.uk/inm713-in3067/2025/Shafi/User_6343	967.0	174
http://www.city.ac.uk/inm713-in3067/2025/Shafi/User_9779	966.0	179
http://www.city.ac.uk/inm713-in3067/2025/Shafi/User_4866	963.0	170
http://www.city.ac.uk/inm713-in3067/2025/Shafi/User_2696	963.0	173
http://www.city.ac.uk/inm713-in3067/2025/Shafi/User_6512	963.0	177
http://www.city.ac.uk/inm713-in3067/2025/Shafi/User_1286	962.0	170
http://www.city.ac.uk/inm713-in3067/2025/Shafi/User_5368	962.0	174
http://www.city.ac.uk/inm713-in3067/2025/Shafi/User_722	961.0	163
http://www.city.ac.uk/inm713-in3067/2025/Shafi/User_7898	961.0	173
http://www.city.ac.uk/inm713-in3067/2025/Shafi/User_2320	960.0	161
http://www.city.ac.uk/inm713-in3067/2025/Shafi/User_1507	960.0	178
http://www.city.ac.uk/inm713-in3067/2025/Shafi/User_8884	960.0	179
http://www.city.ac.uk/inm713-in3067/2025/Shafi/User_6299	959.0	164
http://www.city.ac.uk/inm713-in3067/2025/Shafi/User_3057	957.0	162
http://www.city.ac.uk/inm713-in3067/2025/Shafi/User_6387	957.0	166
http://www.city.ac.uk/inm713-in3067/2025/Shafi/User_6026	957.0	177
http://www.city.ac.uk/inm713-in3067/2025/Shafi/User_9023	956.0	160
http://www.city.ac.uk/inm713-in3067/2025/Shafi/User_4983	956.0	166
http://www.city.ac.uk/inm713-in3067/2025/Shafi/User_7408	956.0	166
http://www.city.ac.uk/inm713-in3067/2025/Shafi/User_7649	956.0	177
http://www.city.ac.uk/inm713-in3067/2025/Shafi/User_419	956.0	179
http://www.city.ac.uk/inm713-in3067/2025/Shafi/User_1677	954.0	168
http://www.city.ac.uk/inm713-in3067/2025/Shafi/User_7509	952.0	163
http://www.city.ac.uk/inm713-in3067/2025/Shafi/User_638	952.0	167
http://www.city.ac.uk/inm713-in3067/2025/Shafi/User_2372	951.0	160
http://www.city.ac.uk/inm713-in3067/2025/Shafi/User_3982	949.0	162
http://www.city.ac.uk/inm713-in3067/2025/Shafi/User_9690	949.0	166
http://www.city.ac.uk/inm713-in3067/2025/Shafi/User_730	949.0	170
http://www.city.ac.uk/inm713-in3067/2025/Shafi/User_851	948.0	164
http://www.city.ac.uk/inm713-in3067/2025/Shafi/User_1789	948.0	170
http://www.city.ac.uk/inm713-in3067/2025/Shafi/User_107	948.0	177
http://www.city.ac.uk/inm713-in3067/2025/Shafi/User_905	948.0	178
http://www.city.ac.uk/inm713-in3067/2025/Shafi/User_580	947.0	168
http://www.city.ac.uk/inm713-in3067/2025/Shafi/User_7400	947.0	171
http://www.city.ac.uk/inm713-in3067/2025/Shafi/User_7626	947.0	174
http://www.city.ac.uk/inm713-in3067/2025/Shafi/User_3639	946.0	162
http://www.city.ac.uk/inm713-in3067/2025/Shafi/User_5284	946.0	165
http://www.city.ac.uk/inm713-in3067/2025/Shafi/User_7121	946.0	168
http://www.city.ac.uk/inm713-in3067/2025/Shafi/User_4475	946.0	170
http://www.city.ac.uk/inm713-in3067/2025/Shafi/User_1659	945.0	162
http://www.city.ac.uk/inm713-in3067/2025/Shafi/User_4072	945.0	164
http://www.city.ac.uk/inm713-in3067/2025/Shafi/User_5431	945.0	167
http://www.city.ac.uk/inm713-in3067/2025/Shafi/User_8350	944.0	164
http://www.city.ac.uk/inm713-in3067/2025/Shafi/User_2142	944.0	167
http://www.city.ac.uk/inm713-in3067/2025/Shafi/User_998	944.0	172
http://www.city.ac.uk/inm713-in3067/2025/Shafi/User_3016	942.0	166
http://www.city.ac.uk/inm713-in3067/2025/Shafi/User_8213	942.0	176
http://www.city.ac.uk/inm713-in3067/2025/Shafi/User_4324	941.0	165
http://www.city.ac.uk/inm713-in3067/2025/Shafi/User_9821	940.0	165
http://www.city.ac.uk/inm713-in3067/2025/Shafi/User_1508	940.0	170
http://www.city.ac.uk/inm713-in3067/2025/Shafi/User_8761	939.0	174
http://www.city.ac.uk/inm713-in3067/2025/Shafi/User_7956	938.0	171
http://www.city.ac.uk/inm713-in3067/2025/Shafi/User_8946	937.0	161
http://www.city.ac.uk/inm713-in3067/2025/Shafi/User_663	937.0	162
http://www.city.ac.uk/inm713-in3067/2025/Shafi/User_1578	937.0	174
http://www.city.ac.uk/inm713-in3067/2025/Shafi/User_7150	936.0	169
http://www.city.ac.uk/inm713-in3067/2025/Shafi/User_3037	935.0	167
http://www.city.ac.uk/inm713-in3067/2025/Shafi/User_9732	935.0	176
http://www.city.ac.uk/inm713-in3067/2025/Shafi/User_4388	933.0	175
http://www.city.ac.uk/inm713-in3067/2025/Shafi/User_7991	933.0	179
http://www.city.ac.uk/inm713-in3067/2025/Shafi/User_3151	932.0	163
http://www.city.ac.uk/inm713-in3067/2025/Shafi/User_1769	931.0	169
http://www.city.ac.uk/inm713-in3067/2025/Shafi/User_6365	930.0	166
http://www.city.ac.uk/inm713-in3067/2025/Shafi/User_4784	930.0	175
http://www.city.ac.uk/inm713-in3067/2025/Shafi/User_3435	929.0	169
http://www.city.ac.uk/inm713-in3067/2025/Shafi/User_5925	929.0	170
http://www.city.ac.uk/inm713-in3067/2025/Shafi/User_6762	929.0	171
http://www.city.ac.uk/inm713-in3067/2025/Shafi/User_2105	929.0	173
http://www.city.ac.uk/inm713-in3067/2025/Shafi/User_4499	928.0	170
http://www.city.ac.uk/inm713-in3067/2025/Shafi/User_5015	928.0	172
http://www.city.ac.uk/inm713-in3067/2025/Shafi/User_2756	928.0	173
http://www.city.ac.uk/inm713-in3067/2025/Shafi/User_2506	927.0	175
http://www.city.ac.uk/inm713-in3067/2025/Shafi/User_8833	927.0	178
http://www.city.ac.uk/inm713-in3067/2025/Shafi/User_2426	926.0	161
http://www.city.ac.uk/inm713-in3067/2025/Shafi/User_9163	926.0	164
http://www.city.ac.uk/inm713-in3067/2025/Shafi/User_1902	926.0	179
http://www.city.ac.uk/inm713-in3067/2025/Shafi/User_1205	925.0	171
http://www.city.ac.uk/inm713-in3067/2025/Shafi/User_8859	925.0	178
http://www.city.ac.uk/inm713-in3067/2025/Shafi/User_5274	923.0	165
http://www.city.ac.uk/inm713-in3067/2025/Shafi/User_4196	922.0	179
http://www.city.ac.uk/inm713-in3067/2025/Shafi/User_3616	921.0	179
http://www.city.ac.uk/inm713-in3067/2025/Shafi/User_3625	920.0	162
http://www.city.ac.uk/inm713-in3067/2025/Shafi/User_4588	919.0	160
http://www.city.ac.uk/inm713-in3067/2025/Shafi/User_5141	919.0	167
http://www.city.ac.uk/inm713-in3067/2025/Shafi/User_6051	918.0	163
http://www.city.ac.uk/inm713-in3067/2025/Shafi/User_2207	918.0	172
http://www.city.ac.uk/inm713-in3067/2025/Shafi/User_5728	917.0	162
http://www.city.ac.uk/inm713-in3067/2025/Shafi/User_9244	917.0	165
http://www.city.ac.uk/inm713-in3067/2025/Shafi/User_7332	917.0	171
http://www.city.ac.uk/inm713-in3067/2025/Shafi/User_7063	916.0	160
http://www.city.ac.uk/inm713-in3067/2025/Shafi/User_9226	916.0	167
http://www.city.ac.uk/inm713-in3067/2025/Shafi/User_3405	914.0	164
http://www.city.ac.uk/inm713-in3067/2025/Shafi/User_2202	914.0	167
http://www.city.ac.uk/inm713-in3067/2025/Shafi/User_803	914.0	173
http://www.city.ac.uk/inm713-in3067/2025/Shafi/User_1468	911.0	167
http://www.city.ac.uk/inm713-in3067/2025/Shafi/User_4226	911.0	167
http://www.city.ac.uk/inm713-in3067/2025/Shafi/User_9841	911.0	167
http://www.city.ac.uk/inm713-in3067/2025/Shafi/User_4436	911.0	168
http://www.city.ac.uk/inm713-in3067/2025/Shafi/User_3088	911.0	177
http://www.city.ac.uk/inm713-in3067/2025/Shafi/User_2115	910.0	166
http://www.city.ac.uk/inm713-in3067/2025/Shafi/User_600	910.0	168
http://www.city.ac.uk/inm713-in3067/2025/Shafi/User_6954	909.0	170
http://www.city.ac.uk/inm713-in3067/2025/Shafi/User_530	909.0	171
http://www.city.ac.uk/inm713-in3067/2025/Shafi/User_3847	909.0	174
http://www.city.ac.uk/inm713-in3067/2025/Shafi/User_4456	909.0	175
http://www.city.ac.uk/inm713-in3067/2025/Shafi/User_8507	909.0	178
http://www.city.ac.uk/inm713-in3067/2025/Shafi/User_4670	907.0	163
http://www.city.ac.uk/inm713-in3067/2025/Shafi/User_2135	907.0	167
http://www.city.ac.uk/inm713-in3067/2025/Shafi/User_9524	907.0	169
http://www.city.ac.uk/inm713-in3067/2025/Shafi/User_1056	907.0	172
http://www.city.ac.uk/inm713-in3067/2025/Shafi/User_4069	907.0	176
http://www.city.ac.uk/inm713-in3067/2025/Shafi/User_4192	906.0	177
http://www.city.ac.uk/inm713-in3067/2025/Shafi/User_2362	905.0	178
http://www.city.ac.uk/inm713-in3067/2025/Shafi/User_5436	904.0	160
http://www.city.ac.uk/inm713-in3067/2025/Shafi/User_4473	904.0	166
http://www.city.ac.uk/inm713-in3067/2025/Shafi/User_8096	904.0	171
http://www.city.ac.uk/inm713-in3067/2025/Shafi/User_2459	903.0	165
http://www.city.ac.uk/inm713-in3067/2025/Shafi/User_1126	902.0	160
http://www.city.ac.uk/inm713-in3067/2025/Shafi/User_1695	902.0	167
http://www.city.ac.uk/inm713-in3067/2025/Shafi/User_6351	902.0	169
http://www.city.ac.uk/inm713-in3067/2025/Shafi/User_1066	902.0	172
http://www.city.ac.uk/inm713-in3067/2025/Shafi/User_234	901.0	160
http://www.city.ac.uk/inm713-in3067/2025/Shafi/User_5763	901.0	170
http://www.city.ac.uk/inm713-in3067/2025/Shafi/User_3027	900.0	162
http://www.city.ac.uk/inm713-in3067/2025/Shafi/User_3966	900.0	165
http://www.city.ac.uk/inm713-in3067/2025/Shafi/User_2810	900.0	168
http://www.city.ac.uk/inm713-in3067/2025/Shafi/User_9798	899.0	163
http://www.city.ac.uk/inm713-in3067/2025/Shafi/User_3362	899.0	168
http://www.city.ac.uk/inm713-in3067/2025/Shafi/User_5957	899.0	168
http://www.city.ac.uk/inm713-in3067/2025/Shafi/User_1720	898.0	171
http://www.city.ac.uk/inm713-in3067/2025/Shafi/User_6669	898.0	178
http://www.city.ac.uk/inm713-in3067/2025/Shafi/User_6847	897.0	161
http://www.city.ac.uk/inm713-in3067/2025/Shafi/User_6830	897.0	167
http://www.city.ac.uk/inm713-in3067/2025/Shafi/User_9722	897.0	171
http://www.city.ac.uk/inm713-in3067/2025/Shafi/User_8929	897.0	176
http://www.city.ac.uk/inm713-in3067/2025/Shafi/User_62	896.0	160
http://www.city.ac.uk/inm713-in3067/2025/Shafi/User_6198	896.0	164
http://www.city.ac.uk/inm713-in3067/2025/Shafi/User_1500	896.0	172
http://www.city.ac.uk/inm713-in3067/2025/Shafi/User_3673	895.0	161
http://www.city.ac.uk/inm713-in3067/2025/Shafi/User_5023	895.0	161
http://www.city.ac.uk/inm713-in3067/2025/Shafi/User_3732	895.0	162
http://www.city.ac.uk/inm713-in3067/2025/Shafi/User_9272	895.0	171
http://www.city.ac.uk/inm713-in3067/2025/Shafi/User_7481	895.0	179
http://www.city.ac.uk/inm713-in3067/2025/Shafi/User_1162	894.0	169
http://www.city.ac.uk/inm713-in3067/2025/Shafi/User_4477	893.0	174
http://www.city.ac.uk/inm713-in3067/2025/Shafi/User_6865	893.0	177
http://www.city.ac.uk/inm713-in3067/2025/Shafi/User_9132	892.0	166
http://www.city.ac.uk/inm713-in3067/2025/Shafi/User_6981	892.0	176
http://www.city.ac.uk/inm713-in3067/2025/Shafi/User_4640	892.0	178
http://www.city.ac.uk/inm713-in3067/2025/Shafi/User_337	891.0	165
http://www.city.ac.uk/inm713-in3067/2025/Shafi/User_2334	890.0	162
http://www.city.ac.uk/inm713-in3067/2025/Shafi/User_5279	889.0	161
http://www.city.ac.uk/inm713-in3067/2025/Shafi/User_9624	889.0	166
http://www.city.ac.uk/inm713-in3067/2025/Shafi/User_8129	889.0	178
http://www.city.ac.uk/inm713-in3067/2025/Shafi/User_1963	888.0	167
http://www.city.ac.uk/inm713-in3067/2025/Shafi/User_3351	888.0	175
http://www.city.ac.uk/inm713-in3067/2025/Shafi/User_1857	887.0	162
http://www.city.ac.uk/inm713-in3067/2025/Shafi/User_7772	887.0	164
http://www.city.ac.uk/inm713-in3067/2025/Shafi/User_7745	887.0	170
http://www.city.ac.uk/inm713-in3067/2025/Shafi/User_9856	886.0	171
http://www.city.ac.uk/inm713-in3067/2025/Shafi/User_6593	886.0	179
http://www.city.ac.uk/inm713-in3067/2025/Shafi/User_2912	885.0	170
http://www.city.ac.uk/inm713-in3067/2025/Shafi/User_9369	885.0	178
http://www.city.ac.uk/inm713-in3067/2025/Shafi/User_5976	884.0	169
http://www.city.ac.uk/inm713-in3067/2025/Shafi/User_200	884.0	171
http://www.city.ac.uk/inm713-in3067/2025/Shafi/User_7685	884.0	173
http://www.city.ac.uk/inm713-in3067/2025/Shafi/User_6197	884.0	179
http://www.city.ac.uk/inm713-in3067/2025/Shafi/User_5913	883.0	172
http://www.city.ac.uk/inm713-in3067/2025/Shafi/User_7689	882.0	165
http://www.city.ac.uk/inm713-in3067/2025/Shafi/User_598	882.0	166
http://www.city.ac.uk/inm713-in3067/2025/Shafi/User_7487	881.0	163
http://www.city.ac.uk/inm713-in3067/2025/Shafi/User_1472	881.0	176
http://www.city.ac.uk/inm713-in3067/2025/Shafi/User_8744	881.0	177
http://www.city.ac.uk/inm713-in3067/2025/Shafi/User_6919	879.0	179
http://www.city.ac.uk/inm713-in3067/2025/Shafi/User_7813	877.0	161
http://www.city.ac.uk/inm713-in3067/2025/Shafi/User_3846	877.0	163
http://www.city.ac.uk/inm713-in3067/2025/Shafi/User_7872	877.0	164
http://www.city.ac.uk/inm713-in3067/2025/Shafi/User_567	877.0	172
http://www.city.ac.uk/inm713-in3067/2025/Shafi/User_5258	876.0	160
http://www.city.ac.uk/inm713-in3067/2025/Shafi/User_5497	876.0	161
http://www.city.ac.uk/inm713-in3067/2025/Shafi/User_9563	876.0	171
http://www.city.ac.uk/inm713-in3067/2025/Shafi/User_7873	875.0	161
http://www.city.ac.uk/inm713-in3067/2025/Shafi/User_9726	875.0	167
http://www.city.ac.uk/inm713-in3067/2025/Shafi/User_3550	875.0	177
http://www.city.ac.uk/inm713-in3067/2025/Shafi/User_6388	874.0	161
http://www.city.ac.uk/inm713-in3067/2025/Shafi/User_633	874.0	176
http://www.city.ac.uk/inm713-in3067/2025/Shafi/User_1598	873.0	162
http://www.city.ac.uk/inm713-in3067/2025/Shafi/User_7654	873.0	164
http://www.city.ac.uk/inm713-in3067/2025/Shafi/User_7928	872.0	177
http://www.city.ac.uk/inm713-in3067/2025/Shafi/User_3724	872.0	179
http://www.city.ac.uk/inm713-in3067/2025/Shafi/User_3776	870.0	161
http://www.city.ac.uk/inm713-in3067/2025/Shafi/User_5709	870.0	170
http://www.city.ac.uk/inm713-in3067/2025/Shafi/User_9666	870.0	173
http://www.city.ac.uk/inm713-in3067/2025/Shafi/User_4035	870.0	175
http://www.city.ac.uk/inm713-in3067/2025/Shafi/User_8417	870.0	179
http://www.city.ac.uk/inm713-in3067/2025/Shafi/User_7371	869.0	160
http://www.city.ac.uk/inm713-in3067/2025/Shafi/User_2790	869.0	167
http://www.city.ac.uk/inm713-in3067/2025/Shafi/User_9318	869.0	167
http://www.city.ac.uk/inm713-in3067/2025/Shafi/User_9425	869.0	170
http://www.city.ac.uk/inm713-in3067/2025/Shafi/User_8204	868.0	170
http://www.city.ac.uk/inm713-in3067/2025/Shafi/User_534	868.0	172
http://www.city.ac.uk/inm713-in3067/2025/Shafi/User_8644	868.0	176
http://www.city.ac.uk/inm713-in3067/2025/Shafi/User_3764	868.0	177
http://www.city.ac.uk/inm713-in3067/2025/Shafi/User_9659	867.0	163
http://www.city.ac.uk/inm713-in3067/2025/Shafi/User_789	866.0	173
http://www.city.ac.uk/inm713-in3067/2025/Shafi/User_5114	865.0	173
http://www.city.ac.uk/inm713-in3067/2025/Shafi/User_1643	864.0	163
http://www.city.ac.uk/inm713-in3067/2025/Shafi/User_7244	863.0	170
http://www.city.ac.uk/inm713-in3067/2025/Shafi/User_4325	862.0	165
http://www.city.ac.uk/inm713-in3067/2025/Shafi/User_9460	862.0	165
http://www.city.ac.uk/inm713-in3067/2025/Shafi/User_3328	862.0	169
http://www.city.ac.uk/inm713-in3067/2025/Shafi/User_5593	862.0	171
http://www.city.ac.uk/inm713-in3067/2025/Shafi/User_7281	862.0	173
http://www.city.ac.uk/inm713-in3067/2025/Shafi/User_25	861.0	175
http://www.city.ac.uk/inm713-in3067/2025/Shafi/User_3597	861.0	178
http://www.city.ac.uk/inm713-in3067/2025/Shafi/User_6130	860.0	168
http://www.city.ac.uk/inm713-in3067/2025/Shafi/User_7396	860.0	172
http://www.city.ac.uk/inm713-in3067/2025/Shafi/User_8429	860.0	176
http://www.city.ac.uk/inm713-in3067/2025/Shafi/User_1599	859.0	173
http://www.city.ac.uk/inm713-in3067/2025/Shafi/User_2445	859.0	174
http://www.city.ac.uk/inm713-in3067/2025/Shafi/User_2138	858.0	162
http://www.city.ac.uk/inm713-in3067/2025/Shafi/User_8234	858.0	174
http://www.city.ac.uk/inm713-in3067/2025/Shafi/User_786	858.0	177
http://www.city.ac.uk/inm713-in3067/2025/Shafi/User_819	857.0	161
http://www.city.ac.uk/inm713-in3067/2025/Shafi/User_6961	857.0	164
http://www.city.ac.uk/inm713-in3067/2025/Shafi/User_4169	857.0	169
http://www.city.ac.uk/inm713-in3067/2025/Shafi/User_182	857.0	172
http://www.city.ac.uk/inm713-in3067/2025/Shafi/User_5706	856.0	160
http://www.city.ac.uk/inm713-in3067/2025/Shafi/User_3638	856.0	164
http://www.city.ac.uk/inm713-in3067/2025/Shafi/User_3050	856.0	176
http://www.city.ac.uk/inm713-in3067/2025/Shafi/User_7204	855.0	161
http://www.city.ac.uk/inm713-in3067/2025/Shafi/User_6317	855.0	168
http://www.city.ac.uk/inm713-in3067/2025/Shafi/User_1469	855.0	173
http://www.city.ac.uk/inm713-in3067/2025/Shafi/User_2510	854.0	160
http://www.city.ac.uk/inm713-in3067/2025/Shafi/User_5496	854.0	170
http://www.city.ac.uk/inm713-in3067/2025/Shafi/User_5385	853.0	167
http://www.city.ac.uk/inm713-in3067/2025/Shafi/User_2785	853.0	169
http://www.city.ac.uk/inm713-in3067/2025/Shafi/User_9698	853.0	173
http://www.city.ac.uk/inm713-in3067/2025/Shafi/User_6622	852.0	166
http://www.city.ac.uk/inm713-in3067/2025/Shafi/User_6639	852.0	178
http://www.city.ac.uk/inm713-in3067/2025/Shafi/User_2356	852.0	179
http://www.city.ac.uk/inm713-in3067/2025/Shafi/User_8421	851.0	161
http://www.city.ac.uk/inm713-in3067/2025/Shafi/User_5400	851.0	163
http://www.city.ac.uk/inm713-in3067/2025/Shafi/User_7385	851.0	167
http://www.city.ac.uk/inm713-in3067/2025/Shafi/User_4485	851.0	168
http://www.city.ac.uk/inm713-in3067/2025/Shafi/User_7881	851.0	174
http://www.city.ac.uk/inm713-in3067/2025/Shafi/User_29	850.0	169
http://www.city.ac.uk/inm713-in3067/2025/Shafi/User_5634	850.0	174
http://www.city.ac.uk/inm713-in3067/2025/Shafi/User_5195	850.0	177
http://www.city.ac.uk/inm713-in3067/2025/Shafi/User_4798	849.0	167
http://www.city.ac.uk/inm713-in3067/2025/Shafi/User_3721	849.0	175
http://www.city.ac.uk/inm713-in3067/2025/Shafi/User_2782	849.0	177
http://www.city.ac.uk/inm713-in3067/2025/Shafi/User_2437	849.0	178
http://www.city.ac.uk/inm713-in3067/2025/Shafi/User_2179	848.0	161
http://www.city.ac.uk/inm713-in3067/2025/Shafi/User_313	848.0	177
http://www.city.ac.uk/inm713-in3067/2025/Shafi/User_9488	846.0	170
http://www.city.ac.uk/inm713-in3067/2025/Shafi/User_84	846.0	172
http://www.city.ac.uk/inm713-in3067/2025/Shafi/User_1960	845.0	169
http://www.city.ac.uk/inm713-in3067/2025/Shafi/User_4208	845.0	171
http://www.city.ac.uk/inm713-in3067/2025/Shafi/User_2896	845.0	175
http://www.city.ac.uk/inm713-in3067/2025/Shafi/User_1622	845.0	177
http://www.city.ac.uk/inm713-in3067/2025/Shafi/User_4708	845.0	178
http://www.city.ac.uk/inm713-in3067/2025/Shafi/User_8626	844.0	172
http://www.city.ac.uk/inm713-in3067/2025/Shafi/User_5305	843.0	162
http://www.city.ac.uk/inm713-in3067/2025/Shafi/User_9060	843.0	175
http://www.city.ac.uk/inm713-in3067/2025/Shafi/User_5457	843.0	176
http://www.city.ac.uk/inm713-in3067/2025/Shafi/User_8517	842.0	163
http://www.city.ac.uk/inm713-in3067/2025/Shafi/User_9534	842.0	165
http://www.city.ac.uk/inm713-in3067/2025/Shafi/User_6006	841.0	171
http://www.city.ac.uk/inm713-in3067/2025/Shafi/User_8112	841.0	174
http://www.city.ac.uk/inm713-in3067/2025/Shafi/User_8897	840.0	173
http://www.city.ac.uk/inm713-in3067/2025/Shafi/User_4941	839.0	163
http://www.city.ac.uk/inm713-in3067/2025/Shafi/User_6871	839.0	173
http://www.city.ac.uk/inm713-in3067/2025/Shafi/User_9827	838.0	161
http://www.city.ac.uk/inm713-in3067/2025/Shafi/User_6104	838.0	178
http://www.city.ac.uk/inm713-in3067/2025/Shafi/User_3107	837.0	173
http://www.city.ac.uk/inm713-in3067/2025/Shafi/User_9745	836.0	166
http://www.city.ac.uk/inm713-in3067/2025/Shafi/User_813	836.0	171
http://www.city.ac.uk/inm713-in3067/2025/Shafi/User_6660	836.0	173
http://www.city.ac.uk/inm713-in3067/2025/Shafi/User_3095	835.0	162
http://www.city.ac.uk/inm713-in3067/2025/Shafi/User_5471	835.0	178
http://www.city.ac.uk/inm713-in3067/2025/Shafi/User_1426	835.0	179
http://www.city.ac.uk/inm713-in3067/2025/Shafi/User_4120	834.0	170
http://www.city.ac.uk/inm713-in3067/2025/Shafi/User_7719	833.0	161
http://www.city.ac.uk/inm713-in3067/2025/Shafi/User_8220	833.0	163
http://www.city.ac.uk/inm713-in3067/2025/Shafi/User_9021	833.0	174
http://www.city.ac.uk/inm713-in3067/2025/Shafi/User_1173	833.0	175
http://www.city.ac.uk/inm713-in3067/2025/Shafi/User_4981	831.0	179
http://www.city.ac.uk/inm713-in3067/2025/Shafi/User_3839	829.0	177
http://www.city.ac.uk/inm713-in3067/2025/Shafi/User_5571	828.0	160
http://www.city.ac.uk/inm713-in3067/2025/Shafi/User_6620	828.0	161
http://www.city.ac.uk/inm713-in3067/2025/Shafi/User_2715	828.0	167
http://www.city.ac.uk/inm713-in3067/2025/Shafi/User_1134	828.0	173
http://www.city.ac.uk/inm713-in3067/2025/Shafi/User_7428	828.0	178
http://www.city.ac.uk/inm713-in3067/2025/Shafi/User_6838	827.0	162
http://www.city.ac.uk/inm713-in3067/2025/Shafi/User_2383	826.0	161
http://www.city.ac.uk/inm713-in3067/2025/Shafi/User_7178	826.0	167
http://www.city.ac.uk/inm713-in3067/2025/Shafi/User_1978	825.0	163
http://www.city.ac.uk/inm713-in3067/2025/Shafi/User_2941	825.0	169
http://www.city.ac.uk/inm713-in3067/2025/Shafi/User_6663	825.0	169
http://www.city.ac.uk/inm713-in3067/2025/Shafi/User_9227	824.0	162
http://www.city.ac.uk/inm713-in3067/2025/Shafi/User_4719	824.0	165
http://www.city.ac.uk/inm713-in3067/2025/Shafi/User_1850	824.0	172
http://www.city.ac.uk/inm713-in3067/2025/Shafi/User_7047	823.0	166
http://www.city.ac.uk/inm713-in3067/2025/Shafi/User_6623	823.0	179
http://www.city.ac.uk/inm713-in3067/2025/Shafi/User_9843	821.0	161
http://www.city.ac.uk/inm713-in3067/2025/Shafi/User_1509	821.0	168
http://www.city.ac.uk/inm713-in3067/2025/Shafi/User_8691	821.0	177
http://www.city.ac.uk/inm713-in3067/2025/Shafi/User_5627	820.0	172
http://www.city.ac.uk/inm713-in3067/2025/Shafi/User_6309	820.0	174
http://www.city.ac.uk/inm713-in3067/2025/Shafi/User_5625	820.0	177
http://www.city.ac.uk/inm713-in3067/2025/Shafi/User_221	819.0	167
http://www.city.ac.uk/inm713-in3067/2025/Shafi/User_4974	818.0	167
http://www.city.ac.uk/inm713-in3067/2025/Shafi/User_2342	818.0	171
http://www.city.ac.uk/inm713-in3067/2025/Shafi/User_3535	818.0	171
http://www.city.ac.uk/inm713-in3067/2025/Shafi/User_4085	818.0	176
http://www.city.ac.uk/inm713-in3067/2025/Shafi/User_7275	816.0	164
http://www.city.ac.uk/inm713-in3067/2025/Shafi/User_4774	815.0	170
http://www.city.ac.uk/inm713-in3067/2025/Shafi/User_4837	814.0	160
http://www.city.ac.uk/inm713-in3067/2025/Shafi/User_9630	814.0	162
http://www.city.ac.uk/inm713-in3067/2025/Shafi/User_1756	814.0	163
http://www.city.ac.uk/inm713-in3067/2025/Shafi/User_8658	814.0	172
http://www.city.ac.uk/inm713-in3067/2025/Shafi/User_4056	814.0	178
http://www.city.ac.uk/inm713-in3067/2025/Shafi/User_5304	813.0	169
http://www.city.ac.uk/inm713-in3067/2025/Shafi/User_447	812.0	170
http://www.city.ac.uk/inm713-in3067/2025/Shafi/User_9940	812.0	170
http://www.city.ac.uk/inm713-in3067/2025/Shafi/User_8797	811.0	174
http://www.city.ac.uk/inm713-in3067/2025/Shafi/User_854	811.0	178
http://www.city.ac.uk/inm713-in3067/2025/Shafi/User_4135	810.0	161
http://www.city.ac.uk/inm713-in3067/2025/Shafi/User_7611	810.0	170
http://www.city.ac.uk/inm713-in3067/2025/Shafi/User_4264	810.0	178
http://www.city.ac.uk/inm713-in3067/2025/Shafi/User_7193	809.0	162
http://www.city.ac.uk/inm713-in3067/2025/Shafi/User_8996	808.0	160
http://www.city.ac.uk/inm713-in3067/2025/Shafi/User_8932	807.0	175
http://www.city.ac.uk/inm713-in3067/2025/Shafi/User_5770	806.0	170
http://www.city.ac.uk/inm713-in3067/2025/Shafi/User_3711	806.0	177
http://www.city.ac.uk/inm713-in3067/2025/Shafi/User_3970	806.0	178
http://www.city.ac.uk/inm713-in3067/2025/Shafi/User_3840	805.0	162
http://www.city.ac.uk/inm713-in3067/2025/Shafi/User_5738	805.0	164
http://www.city.ac.uk/inm713-in3067/2025/Shafi/User_220	805.0	168
http://www.city.ac.uk/inm713-in3067/2025/Shafi/User_2232	805.0	173
http://www.city.ac.uk/inm713-in3067/2025/Shafi/User_6180	804.0	163
http://www.city.ac.uk/inm713-in3067/2025/Shafi/User_2454	803.0	166
http://www.city.ac.uk/inm713-in3067/2025/Shafi/User_9681	803.0	175
http://www.city.ac.uk/inm713-in3067/2025/Shafi/User_694	800.0	161
http://www.city.ac.uk/inm713-in3067/2025/Shafi/User_9754	800.0	166
http://www.city.ac.uk/inm713-in3067/2025/Shafi/User_2456	800.0	174
http://www.city.ac.uk/inm713-in3067/2025/Shafi/User_9505	799.0	161
http://www.city.ac.uk/inm713-in3067/2025/Shafi/User_1057	799.0	164
http://www.city.ac.uk/inm713-in3067/2025/Shafi/User_3533	799.0	164
http://www.city.ac.uk/inm713-in3067/2025/Shafi/User_9846	799.0	165
http://www.city.ac.uk/inm713-in3067/2025/Shafi/User_3861	799.0	177
http://www.city.ac.uk/inm713-in3067/2025/Shafi/User_645	798.0	169
http://www.city.ac.uk/inm713-in3067/2025/Shafi/User_2621	797.0	162
http://www.city.ac.uk/inm713-in3067/2025/Shafi/User_7297	797.0	164
http://www.city.ac.uk/inm713-in3067/2025/Shafi/User_815	797.0	164
http://www.city.ac.uk/inm713-in3067/2025/Shafi/User_1141	797.0	165
http://www.city.ac.uk/inm713-in3067/2025/Shafi/User_1665	797.0	178
http://www.city.ac.uk/inm713-in3067/2025/Shafi/User_2869	796.0	164
http://www.city.ac.uk/inm713-in3067/2025/Shafi/User_5396	796.0	166
http://www.city.ac.uk/inm713-in3067/2025/Shafi/User_81	796.0	170
http://www.city.ac.uk/inm713-in3067/2025/Shafi/User_6426	796.0	179
http://www.city.ac.uk/inm713-in3067/2025/Shafi/User_1244	795.0	160
http://www.city.ac.uk/inm713-in3067/2025/Shafi/User_4261	795.0	168
http://www.city.ac.uk/inm713-in3067/2025/Shafi/User_6739	795.0	171
http://www.city.ac.uk/inm713-in3067/2025/Shafi/User_7443	795.0	171
http://www.city.ac.uk/inm713-in3067/2025/Shafi/User_8641	794.0	165
http://www.city.ac.uk/inm713-in3067/2025/Shafi/User_8119	793.0	172
http://www.city.ac.uk/inm713-in3067/2025/Shafi/User_7071	792.0	161
http://www.city.ac.uk/inm713-in3067/2025/Shafi/User_250	792.0	169
http://www.city.ac.uk/inm713-in3067/2025/Shafi/User_4740	792.0	173
http://www.city.ac.uk/inm713-in3067/2025/Shafi/User_2591	791.0	161
http://www.city.ac.uk/inm713-in3067/2025/Shafi/User_7506	791.0	168
http://www.city.ac.uk/inm713-in3067/2025/Shafi/User_2035	791.0	172
http://www.city.ac.uk/inm713-in3067/2025/Shafi/User_2491	791.0	175
http://www.city.ac.uk/inm713-in3067/2025/Shafi/User_3722	791.0	178
http://www.city.ac.uk/inm713-in3067/2025/Shafi/User_7670	790.0	175
http://www.city.ac.uk/inm713-in3067/2025/Shafi/User_4014	789.0	168
http://www.city.ac.uk/inm713-in3067/2025/Shafi/User_3628	789.0	172
http://www.city.ac.uk/inm713-in3067/2025/Shafi/User_4989	789.0	179
http://www.city.ac.uk/inm713-in3067/2025/Shafi/User_3992	788.0	164
http://www.city.ac.uk/inm713-in3067/2025/Shafi/User_5851	788.0	166
http://www.city.ac.uk/inm713-in3067/2025/Shafi/User_5346	788.0	168
http://www.city.ac.uk/inm713-in3067/2025/Shafi/User_3255	788.0	173
http://www.city.ac.uk/inm713-in3067/2025/Shafi/User_1580	786.0	160
http://www.city.ac.uk/inm713-in3067/2025/Shafi/User_1815	786.0	173
http://www.city.ac.uk/inm713-in3067/2025/Shafi/User_3108	785.0	174
http://www.city.ac.uk/inm713-in3067/2025/Shafi/User_7674	785.0	179
http://www.city.ac.uk/inm713-in3067/2025/Shafi/User_7027	784.0	179
http://www.city.ac.uk/inm713-in3067/2025/Shafi/User_2500	783.0	165
http://www.city.ac.uk/inm713-in3067/2025/Shafi/User_5710	783.0	167
http://www.city.ac.uk/inm713-in3067/2025/Shafi/User_1859	782.0	170
http://www.city.ac.uk/inm713-in3067/2025/Shafi/User_6172	782.0	179
http://www.city.ac.uk/inm713-in3067/2025/Shafi/User_1490	781.0	171
http://www.city.ac.uk/inm713-in3067/2025/Shafi/User_7032	781.0	175
http://www.city.ac.uk/inm713-in3067/2025/Shafi/User_3576	781.0	178
http://www.city.ac.uk/inm713-in3067/2025/Shafi/User_4298	780.0	165
http://www.city.ac.uk/inm713-in3067/2025/Shafi/User_4114	780.0	167
http://www.city.ac.uk/inm713-in3067/2025/Shafi/User_2467	780.0	174
http://www.city.ac.uk/inm713-in3067/2025/Shafi/User_7984	780.0	174
http://www.city.ac.uk/inm713-in3067/2025/Shafi/User_7563	780.0	177
http://www.city.ac.uk/inm713-in3067/2025/Shafi/User_411	779.0	177
http://www.city.ac.uk/inm713-in3067/2025/Shafi/User_6736	778.0	170
http://www.city.ac.uk/inm713-in3067/2025/Shafi/User_6944	778.0	177
http://www.city.ac.uk/inm713-in3067/2025/Shafi/User_6349	777.0	163
http://www.city.ac.uk/inm713-in3067/2025/Shafi/User_7337	777.0	171
http://www.city.ac.uk/inm713-in3067/2025/Shafi/User_9396	777.0	177
http://www.city.ac.uk/inm713-in3067/2025/Shafi/User_7748	776.0	163
http://www.city.ac.uk/inm713-in3067/2025/Shafi/User_9727	776.0	163
http://www.city.ac.uk/inm713-in3067/2025/Shafi/User_9652	776.0	166
http://www.city.ac.uk/inm713-in3067/2025/Shafi/User_1566	776.0	172
http://www.city.ac.uk/inm713-in3067/2025/Shafi/User_3584	776.0	177
http://www.city.ac.uk/inm713-in3067/2025/Shafi/User_4210	775.0	164
http://www.city.ac.uk/inm713-in3067/2025/Shafi/User_3617	775.0	167
http://www.city.ac.uk/inm713-in3067/2025/Shafi/User_5786	773.0	160
http://www.city.ac.uk/inm713-in3067/2025/Shafi/User_8523	773.0	161
http://www.city.ac.uk/inm713-in3067/2025/Shafi/User_5814	773.0	167
http://www.city.ac.uk/inm713-in3067/2025/Shafi/User_7795	773.0	172
http://www.city.ac.uk/inm713-in3067/2025/Shafi/User_7496	773.0	178
http://www.city.ac.uk/inm713-in3067/2025/Shafi/User_4971	772.0	164
http://www.city.ac.uk/inm713-in3067/2025/Shafi/User_1593	772.0	168
http://www.city.ac.uk/inm713-in3067/2025/Shafi/User_8670	772.0	172
http://www.city.ac.uk/inm713-in3067/2025/Shafi/User_23	772.0	174
http://www.city.ac.uk/inm713-in3067/2025/Shafi/User_7596	771.0	166
http://www.city.ac.uk/inm713-in3067/2025/Shafi/User_7402	771.0	170
http://www.city.ac.uk/inm713-in3067/2025/Shafi/User_1321	770.0	160
http://www.city.ac.uk/inm713-in3067/2025/Shafi/User_7034	770.0	170
http://www.city.ac.uk/inm713-in3067/2025/Shafi/User_1258	769.0	170
http://www.city.ac.uk/inm713-in3067/2025/Shafi/User_8972	769.0	171
http://www.city.ac.uk/inm713-in3067/2025/Shafi/User_956	767.0	161
http://www.city.ac.uk/inm713-in3067/2025/Shafi/User_3516	767.0	165
http://www.city.ac.uk/inm713-in3067/2025/Shafi/User_3502	767.0	171
http://www.city.ac.uk/inm713-in3067/2025/Shafi/User_1048	767.0	175
http://www.city.ac.uk/inm713-in3067/2025/Shafi/User_3238	767.0	179
http://www.city.ac.uk/inm713-in3067/2025/Shafi/User_5092	766.0	160
http://www.city.ac.uk/inm713-in3067/2025/Shafi/User_543	766.0	178
http://www.city.ac.uk/inm713-in3067/2025/Shafi/User_4396	765.0	169
http://www.city.ac.uk/inm713-in3067/2025/Shafi/User_4081	764.0	160
http://www.city.ac.uk/inm713-in3067/2025/Shafi/User_2555	764.0	172
http://www.city.ac.uk/inm713-in3067/2025/Shafi/User_4656	763.0	169
http://www.city.ac.uk/inm713-in3067/2025/Shafi/User_2988	763.0	170
http://www.city.ac.uk/inm713-in3067/2025/Shafi/User_6447	762.0	168
http://www.city.ac.uk/inm713-in3067/2025/Shafi/User_4062	762.0	169
http://www.city.ac.uk/inm713-in3067/2025/Shafi/User_3197	762.0	174
http://www.city.ac.uk/inm713-in3067/2025/Shafi/User_7474	761.0	164
http://www.city.ac.uk/inm713-in3067/2025/Shafi/User_9925	761.0	167
http://www.city.ac.uk/inm713-in3067/2025/Shafi/User_9180	760.0	166
http://www.city.ac.uk/inm713-in3067/2025/Shafi/User_7208	760.0	168
http://www.city.ac.uk/inm713-in3067/2025/Shafi/User_3832	759.0	162
http://www.city.ac.uk/inm713-in3067/2025/Shafi/User_915	758.0	160
http://www.city.ac.uk/inm713-in3067/2025/Shafi/User_6451	758.0	170
http://www.city.ac.uk/inm713-in3067/2025/Shafi/User_298	758.0	171
http://www.city.ac.uk/inm713-in3067/2025/Shafi/User_2953	757.0	171
http://www.city.ac.uk/inm713-in3067/2025/Shafi/User_8784	756.0	163
http://www.city.ac.uk/inm713-in3067/2025/Shafi/User_7374	756.0	167
http://www.city.ac.uk/inm713-in3067/2025/Shafi/User_9332	756.0	169
http://www.city.ac.uk/inm713-in3067/2025/Shafi/User_2348	755.0	164
http://www.city.ac.uk/inm713-in3067/2025/Shafi/User_5621	755.0	169
http://www.city.ac.uk/inm713-in3067/2025/Shafi/User_5176	754.0	162
http://www.city.ac.uk/inm713-in3067/2025/Shafi/User_8992	754.0	169
http://www.city.ac.uk/inm713-in3067/2025/Shafi/User_8003	754.0	172
http://www.city.ac.uk/inm713-in3067/2025/Shafi/User_5578	754.0	173
http://www.city.ac.uk/inm713-in3067/2025/Shafi/User_5982	754.0	176
http://www.city.ac.uk/inm713-in3067/2025/Shafi/User_9918	753.0	165
http://www.city.ac.uk/inm713-in3067/2025/Shafi/User_5363	753.0	169
http://www.city.ac.uk/inm713-in3067/2025/Shafi/User_9762	753.0	176
http://www.city.ac.uk/inm713-in3067/2025/Shafi/User_1421	752.0	170
http://www.city.ac.uk/inm713-in3067/2025/Shafi/User_1499	752.0	174
http://www.city.ac.uk/inm713-in3067/2025/Shafi/User_6463	752.0	175
http://www.city.ac.uk/inm713-in3067/2025/Shafi/User_520	752.0	177
http://www.city.ac.uk/inm713-in3067/2025/Shafi/User_9027	751.0	162
http://www.city.ac.uk/inm713-in3067/2025/Shafi/User_5268	750.0	160
http://www.city.ac.uk/inm713-in3067/2025/Shafi/User_7887	750.0	173
http://www.city.ac.uk/inm713-in3067/2025/Shafi/User_5643	749.0	163
http://www.city.ac.uk/inm713-in3067/2025/Shafi/User_7079	749.0	166
http://www.city.ac.uk/inm713-in3067/2025/Shafi/User_4727	749.0	169
http://www.city.ac.uk/inm713-in3067/2025/Shafi/User_2155	748.0	167
http://www.city.ac.uk/inm713-in3067/2025/Shafi/User_1781	746.0	161
http://www.city.ac.uk/inm713-in3067/2025/Shafi/User_2703	746.0	163
http://www.city.ac.uk/inm713-in3067/2025/Shafi/User_1366	746.0	165
http://www.city.ac.uk/inm713-in3067/2025/Shafi/User_7953	743.0	175
http://www.city.ac.uk/inm713-in3067/2025/Shafi/User_3655	743.0	176
http://www.city.ac.uk/inm713-in3067/2025/Shafi/User_2203	743.0	178
http://www.city.ac.uk/inm713-in3067/2025/Shafi/User_5013	742.0	165
http://www.city.ac.uk/inm713-in3067/2025/Shafi/User_4341	742.0	170
http://www.city.ac.uk/inm713-in3067/2025/Shafi/User_7623	742.0	175
http://www.city.ac.uk/inm713-in3067/2025/Shafi/User_9078	741.0	165
http://www.city.ac.uk/inm713-in3067/2025/Shafi/User_2212	741.0	167
http://www.city.ac.uk/inm713-in3067/2025/Shafi/User_9374	741.0	169
http://www.city.ac.uk/inm713-in3067/2025/Shafi/User_6913	741.0	173
http://www.city.ac.uk/inm713-in3067/2025/Shafi/User_8977	741.0	176
http://www.city.ac.uk/inm713-in3067/2025/Shafi/User_9503	741.0	177
http://www.city.ac.uk/inm713-in3067/2025/Shafi/User_9811	741.0	179
http://www.city.ac.uk/inm713-in3067/2025/Shafi/User_7550	740.0	160
http://www.city.ac.uk/inm713-in3067/2025/Shafi/User_8359	740.0	166
http://www.city.ac.uk/inm713-in3067/2025/Shafi/User_6413	740.0	177
http://www.city.ac.uk/inm713-in3067/2025/Shafi/User_3942	739.0	162
http://www.city.ac.uk/inm713-in3067/2025/Shafi/User_3649	738.0	171
http://www.city.ac.uk/inm713-in3067/2025/Shafi/User_6552	737.0	173
http://www.city.ac.uk/inm713-in3067/2025/Shafi/User_4561	736.0	168
http://www.city.ac.uk/inm713-in3067/2025/Shafi/User_6845	736.0	176
http://www.city.ac.uk/inm713-in3067/2025/Shafi/User_8501	736.0	177
http://www.city.ac.uk/inm713-in3067/2025/Shafi/User_1420	735.0	175
http://www.city.ac.uk/inm713-in3067/2025/Shafi/User_8610	735.0	177
http://www.city.ac.uk/inm713-in3067/2025/Shafi/User_3827	734.0	163
http://www.city.ac.uk/inm713-in3067/2025/Shafi/User_6034	734.0	173
http://www.city.ac.uk/inm713-in3067/2025/Shafi/User_6098	733.0	168
http://www.city.ac.uk/inm713-in3067/2025/Shafi/User_1868	733.0	169
http://www.city.ac.uk/inm713-in3067/2025/Shafi/User_569	733.0	176
http://www.city.ac.uk/inm713-in3067/2025/Shafi/User_2848	732.0	166
http://www.city.ac.uk/inm713-in3067/2025/Shafi/User_941	732.0	177
http://www.city.ac.uk/inm713-in3067/2025/Shafi/User_8602	732.0	178
http://www.city.ac.uk/inm713-in3067/2025/Shafi/User_4126	731.0	175
http://www.city.ac.uk/inm713-in3067/2025/Shafi/User_3549	729.0	177
http://www.city.ac.uk/inm713-in3067/2025/Shafi/User_1389	729.0	178
http://www.city.ac.uk/inm713-in3067/2025/Shafi/User_7404	728.0	166
http://www.city.ac.uk/inm713-in3067/2025/Shafi/User_1467	728.0	168
http://www.city.ac.uk/inm713-in3067/2025/Shafi/User_2350	728.0	168
http://www.city.ac.uk/inm713-in3067/2025/Shafi/User_6912	727.0	170
http://www.city.ac.uk/inm713-in3067/2025/Shafi/User_8493	726.0	164
http://www.city.ac.uk/inm713-in3067/2025/Shafi/User_1631	725.0	174
http://www.city.ac.uk/inm713-in3067/2025/Shafi/User_6545	725.0	174
http://www.city.ac.uk/inm713-in3067/2025/Shafi/User_2389	724.0	164
http://www.city.ac.uk/inm713-in3067/2025/Shafi/User_5692	724.0	174
http://www.city.ac.uk/inm713-in3067/2025/Shafi/User_8789	722.0	160
http://www.city.ac.uk/inm713-in3067/2025/Shafi/User_5991	722.0	175
http://www.city.ac.uk/inm713-in3067/2025/Shafi/User_8674	721.0	163
http://www.city.ac.uk/inm713-in3067/2025/Shafi/User_3566	721.0	164
http://www.city.ac.uk/inm713-in3067/2025/Shafi/User_2475	721.0	176
http://www.city.ac.uk/inm713-in3067/2025/Shafi/User_535	720.0	161
http://www.city.ac.uk/inm713-in3067/2025/Shafi/User_8279	720.0	175
http://www.city.ac.uk/inm713-in3067/2025/Shafi/User_9531	719.0	160
http://www.city.ac.uk/inm713-in3067/2025/Shafi/User_413	719.0	164
http://www.city.ac.uk/inm713-in3067/2025/Shafi/User_3608	719.0	172
http://www.city.ac.uk/inm713-in3067/2025/Shafi/User_3153	718.0	161
http://www.city.ac.uk/inm713-in3067/2025/Shafi/User_4931	718.0	177
http://www.city.ac.uk/inm713-in3067/2025/Shafi/User_3314	717.0	165
http://www.city.ac.uk/inm713-in3067/2025/Shafi/User_1586	717.0	175
http://www.city.ac.uk/inm713-in3067/2025/Shafi/User_8575	716.0	160
http://www.city.ac.uk/inm713-in3067/2025/Shafi/User_9486	716.0	170
http://www.city.ac.uk/inm713-in3067/2025/Shafi/User_6152	715.0	163
http://www.city.ac.uk/inm713-in3067/2025/Shafi/User_6528	715.0	166
http://www.city.ac.uk/inm713-in3067/2025/Shafi/User_8177	715.0	175
http://www.city.ac.uk/inm713-in3067/2025/Shafi/User_9555	714.0	165
http://www.city.ac.uk/inm713-in3067/2025/Shafi/User_7096	714.0	170
http://www.city.ac.uk/inm713-in3067/2025/Shafi/User_1687	714.0	172
http://www.city.ac.uk/inm713-in3067/2025/Shafi/User_4820	713.0	166
http://www.city.ac.uk/inm713-in3067/2025/Shafi/User_7344	713.0	179
http://www.city.ac.uk/inm713-in3067/2025/Shafi/User_6659	711.0	164
http://www.city.ac.uk/inm713-in3067/2025/Shafi/User_4371	711.0	169
http://www.city.ac.uk/inm713-in3067/2025/Shafi/User_8390	710.0	161
http://www.city.ac.uk/inm713-in3067/2025/Shafi/User_3174	710.0	164
http://www.city.ac.uk/inm713-in3067/2025/Shafi/User_9881	710.0	171
http://www.city.ac.uk/inm713-in3067/2025/Shafi/User_7605	710.0	175
http://www.city.ac.uk/inm713-in3067/2025/Shafi/User_9739	709.0	163
http://www.city.ac.uk/inm713-in3067/2025/Shafi/User_4733	709.0	168
http://www.city.ac.uk/inm713-in3067/2025/Shafi/User_5586	709.0	170
http://www.city.ac.uk/inm713-in3067/2025/Shafi/User_8229	708.0	165
http://www.city.ac.uk/inm713-in3067/2025/Shafi/User_1736	708.0	179
http://www.city.ac.uk/inm713-in3067/2025/Shafi/User_6390	707.0	165
http://www.city.ac.uk/inm713-in3067/2025/Shafi/User_2214	707.0	170
http://www.city.ac.uk/inm713-in3067/2025/Shafi/User_78	707.0	179
http://www.city.ac.uk/inm713-in3067/2025/Shafi/User_5168	706.0	160
http://www.city.ac.uk/inm713-in3067/2025/Shafi/User_473	706.0	164
http://www.city.ac.uk/inm713-in3067/2025/Shafi/User_456	705.0	163
http://www.city.ac.uk/inm713-in3067/2025/Shafi/User_7746	705.0	171
http://www.city.ac.uk/inm713-in3067/2025/Shafi/User_9234	704.0	170
http://www.city.ac.uk/inm713-in3067/2025/Shafi/User_3885	704.0	175
http://www.city.ac.uk/inm713-in3067/2025/Shafi/User_1749	703.0	163
http://www.city.ac.uk/inm713-in3067/2025/Shafi/User_7158	703.0	174
http://www.city.ac.uk/inm713-in3067/2025/Shafi/User_9502	702.0	163
http://www.city.ac.uk/inm713-in3067/2025/Shafi/User_1083	702.0	169
http://www.city.ac.uk/inm713-in3067/2025/Shafi/User_5407	702.0	174
http://www.city.ac.uk/inm713-in3067/2025/Shafi/User_4259	702.0	176
http://www.city.ac.uk/inm713-in3067/2025/Shafi/User_7904	702.0	176
http://www.city.ac.uk/inm713-in3067/2025/Shafi/User_3246	701.0	160
http://www.city.ac.uk/inm713-in3067/2025/Shafi/User_8947	701.0	162
http://www.city.ac.uk/inm713-in3067/2025/Shafi/User_709	701.0	166
http://www.city.ac.uk/inm713-in3067/2025/Shafi/User_5712	701.0	175
http://www.city.ac.uk/inm713-in3067/2025/Shafi/User_678	700.0	172
http://www.city.ac.uk/inm713-in3067/2025/Shafi/User_1632	699.0	162
http://www.city.ac.uk/inm713-in3067/2025/Shafi/User_3994	699.0	163
http://www.city.ac.uk/inm713-in3067/2025/Shafi/User_3171	699.0	173
http://www.city.ac.uk/inm713-in3067/2025/Shafi/User_736	699.0	173
http://www.city.ac.uk/inm713-in3067/2025/Shafi/User_9633	698.0	176
http://www.city.ac.uk/inm713-in3067/2025/Shafi/User_6029	696.0	176
http://www.city.ac.uk/inm713-in3067/2025/Shafi/User_5502	695.0	170
http://www.city.ac.uk/inm713-in3067/2025/Shafi/User_1652	694.0	167
http://www.city.ac.uk/inm713-in3067/2025/Shafi/User_7891	694.0	176
http://www.city.ac.uk/inm713-in3067/2025/Shafi/User_8550	694.0	176
http://www.city.ac.uk/inm713-in3067/2025/Shafi/User_6005	694.0	178
http://www.city.ac.uk/inm713-in3067/2025/Shafi/User_5008	693.0	167
http://www.city.ac.uk/inm713-in3067/2025/Shafi/User_204	693.0	171
http://www.city.ac.uk/inm713-in3067/2025/Shafi/User_72	693.0	178
http://www.city.ac.uk/inm713-in3067/2025/Shafi/User_9251	692.0	160
http://www.city.ac.uk/inm713-in3067/2025/Shafi/User_9467	692.0	172
http://www.city.ac.uk/inm713-in3067/2025/Shafi/User_4812	691.0	168
http://www.city.ac.uk/inm713-in3067/2025/Shafi/User_5149	690.0	166
http://www.city.ac.uk/inm713-in3067/2025/Shafi/User_5569	690.0	169
http://www.city.ac.uk/inm713-in3067/2025/Shafi/User_36	689.0	173
http://www.city.ac.uk/inm713-in3067/2025/Shafi/User_5196	688.0	161
http://www.city.ac.uk/inm713-in3067/2025/Shafi/User_2122	688.0	162
http://www.city.ac.uk/inm713-in3067/2025/Shafi/User_7394	688.0	165
http://www.city.ac.uk/inm713-in3067/2025/Shafi/User_6140	688.0	171
http://www.city.ac.uk/inm713-in3067/2025/Shafi/User_6401	688.0	177
http://www.city.ac.uk/inm713-in3067/2025/Shafi/User_1610	687.0	165
http://www.city.ac.uk/inm713-in3067/2025/Shafi/User_8666	687.0	169
http://www.city.ac.uk/inm713-in3067/2025/Shafi/User_2580	687.0	172
http://www.city.ac.uk/inm713-in3067/2025/Shafi/User_5395	687.0	176
http://www.city.ac.uk/inm713-in3067/2025/Shafi/User_4945	687.0	178
http://www.city.ac.uk/inm713-in3067/2025/Shafi/User_6643	686.0	178
http://www.city.ac.uk/inm713-in3067/2025/Shafi/User_9857	685.0	168
http://www.city.ac.uk/inm713-in3067/2025/Shafi/User_4025	683.0	168
http://www.city.ac.uk/inm713-in3067/2025/Shafi/User_8623	682.0	170
http://www.city.ac.uk/inm713-in3067/2025/Shafi/User_5410	681.0	168
http://www.city.ac.uk/inm713-in3067/2025/Shafi/User_6269	681.0	177
http://www.city.ac.uk/inm713-in3067/2025/Shafi/User_7421	680.0	163
http://www.city.ac.uk/inm713-in3067/2025/Shafi/User_1650	680.0	169
http://www.city.ac.uk/inm713-in3067/2025/Shafi/User_8911	680.0	171
http://www.city.ac.uk/inm713-in3067/2025/Shafi/User_1369	680.0	177
http://www.city.ac.uk/inm713-in3067/2025/Shafi/User_6806	680.0	178
http://www.city.ac.uk/inm713-in3067/2025/Shafi/User_7447	680.0	179
http://www.city.ac.uk/inm713-in3067/2025/Shafi/User_3922	679.0	170
http://www.city.ac.uk/inm713-in3067/2025/Shafi/User_3416	679.0	175
http://www.city.ac.uk/inm713-in3067/2025/Shafi/User_8925	679.0	175
http://www.city.ac.uk/inm713-in3067/2025/Shafi/User_782	679.0	177
http://www.city.ac.uk/inm713-in3067/2025/Shafi/User_3145	678.0	163
http://www.city.ac.uk/inm713-in3067/2025/Shafi/User_3339	678.0	164
http://www.city.ac.uk/inm713-in3067/2025/Shafi/User_9799	677.0	168
http://www.city.ac.uk/inm713-in3067/2025/Shafi/User_3787	677.0	172
http://www.city.ac.uk/inm713-in3067/2025/Shafi/User_4558	676.0	161
http://www.city.ac.uk/inm713-in3067/2025/Shafi/User_5161	676.0	173
http://www.city.ac.uk/inm713-in3067/2025/Shafi/User_8542	675.0	171
http://www.city.ac.uk/inm713-in3067/2025/Shafi/User_5483	674.0	165
http://www.city.ac.uk/inm713-in3067/2025/Shafi/User_5993	674.0	176
http://www.city.ac.uk/inm713-in3067/2025/Shafi/User_4272	673.0	164
http://www.city.ac.uk/inm713-in3067/2025/Shafi/User_6674	673.0	168
http://www.city.ac.uk/inm713-in3067/2025/Shafi/User_3127	673.0	178
http://www.city.ac.uk/inm713-in3067/2025/Shafi/User_6862	672.0	164
http://www.city.ac.uk/inm713-in3067/2025/Shafi/User_561	672.0	168
http://www.city.ac.uk/inm713-in3067/2025/Shafi/User_4684	672.0	175
http://www.city.ac.uk/inm713-in3067/2025/Shafi/User_1243	671.0	164
http://www.city.ac.uk/inm713-in3067/2025/Shafi/User_5453	671.0	167
http://www.city.ac.uk/inm713-in3067/2025/Shafi/User_5741	670.0	170
http://www.city.ac.uk/inm713-in3067/2025/Shafi/User_4020	670.0	177
http://www.city.ac.uk/inm713-in3067/2025/Shafi/User_5417	670.0	179
http://www.city.ac.uk/inm713-in3067/2025/Shafi/User_4544	668.0	168
http://www.city.ac.uk/inm713-in3067/2025/Shafi/User_5689	666.0	163
http://www.city.ac.uk/inm713-in3067/2025/Shafi/User_9668	665.0	161
http://www.city.ac.uk/inm713-in3067/2025/Shafi/User_4856	665.0	175
http://www.city.ac.uk/inm713-in3067/2025/Shafi/User_4686	664.0	164
http://www.city.ac.uk/inm713-in3067/2025/Shafi/User_5530	664.0	167
http://www.city.ac.uk/inm713-in3067/2025/Shafi/User_7970	664.0	171
http://www.city.ac.uk/inm713-in3067/2025/Shafi/User_5746	664.0	178
http://www.city.ac.uk/inm713-in3067/2025/Shafi/User_6448	663.0	160
http://www.city.ac.uk/inm713-in3067/2025/Shafi/User_7819	663.0	166
http://www.city.ac.uk/inm713-in3067/2025/Shafi/User_2796	663.0	171
http://www.city.ac.uk/inm713-in3067/2025/Shafi/User_7798	663.0	178
http://www.city.ac.uk/inm713-in3067/2025/Shafi/User_8593	663.0	179
http://www.city.ac.uk/inm713-in3067/2025/Shafi/User_5522	662.0	171
http://www.city.ac.uk/inm713-in3067/2025/Shafi/User_8301	661.0	164
http://www.city.ac.uk/inm713-in3067/2025/Shafi/User_9438	661.0	170
http://www.city.ac.uk/inm713-in3067/2025/Shafi/User_2840	661.0	172
http://www.city.ac.uk/inm713-in3067/2025/Shafi/User_428	661.0	174
http://www.city.ac.uk/inm713-in3067/2025/Shafi/User_7328	660.0	163
http://www.city.ac.uk/inm713-in3067/2025/Shafi/User_5905	660.0	169
http://www.city.ac.uk/inm713-in3067/2025/Shafi/User_2079	660.0	172
http://www.city.ac.uk/inm713-in3067/2025/Shafi/User_7841	659.0	177
http://www.city.ac.uk/inm713-in3067/2025/Shafi/User_1416	658.0	160
http://www.city.ac.uk/inm713-in3067/2025/Shafi/User_4602	658.0	161
http://www.city.ac.uk/inm713-in3067/2025/Shafi/User_1478	658.0	178
http://www.city.ac.uk/inm713-in3067/2025/Shafi/User_4163	657.0	173
http://www.city.ac.uk/inm713-in3067/2025/Shafi/User_9402	657.0	174
http://www.city.ac.uk/inm713-in3067/2025/Shafi/User_8781	656.0	160
http://www.city.ac.uk/inm713-in3067/2025/Shafi/User_5298	656.0	161
http://www.city.ac.uk/inm713-in3067/2025/Shafi/User_1869	656.0	167
http://www.city.ac.uk/inm713-in3067/2025/Shafi/User_4242	655.0	160
http://www.city.ac.uk/inm713-in3067/2025/Shafi/User_4308	655.0	160
http://www.city.ac.uk/inm713-in3067/2025/Shafi/User_9253	655.0	165
http://www.city.ac.uk/inm713-in3067/2025/Shafi/User_7174	654.0	160
http://www.city.ac.uk/inm713-in3067/2025/Shafi/User_1908	654.0	174
http://www.city.ac.uk/inm713-in3067/2025/Shafi/User_5012	654.0	179
http://www.city.ac.uk/inm713-in3067/2025/Shafi/User_2451	653.0	161
http://www.city.ac.uk/inm713-in3067/2025/Shafi/User_9842	653.0	163
http://www.city.ac.uk/inm713-in3067/2025/Shafi/User_3089	653.0	170
http://www.city.ac.uk/inm713-in3067/2025/Shafi/User_4612	653.0	177
http://www.city.ac.uk/inm713-in3067/2025/Shafi/User_1989	653.0	179
http://www.city.ac.uk/inm713-in3067/2025/Shafi/User_1442	652.0	163
http://www.city.ac.uk/inm713-in3067/2025/Shafi/User_2867	652.0	164
http://www.city.ac.uk/inm713-in3067/2025/Shafi/User_3335	652.0	177
http://www.city.ac.uk/inm713-in3067/2025/Shafi/User_9003	651.0	173
http://www.city.ac.uk/inm713-in3067/2025/Shafi/User_5742	650.0	161
http://www.city.ac.uk/inm713-in3067/2025/Shafi/User_1330	650.0	165
http://www.city.ac.uk/inm713-in3067/2025/Shafi/User_5954	649.0	166
http://www.city.ac.uk/inm713-in3067/2025/Shafi/User_4323	649.0	172
http://www.city.ac.uk/inm713-in3067/2025/Shafi/User_2357	649.0	178
http://www.city.ac.uk/inm713-in3067/2025/Shafi/User_1411	649.0	179
http://www.city.ac.uk/inm713-in3067/2025/Shafi/User_9249	647.0	171
http://www.city.ac.uk/inm713-in3067/2025/Shafi/User_425	647.0	174
http://www.city.ac.uk/inm713-in3067/2025/Shafi/User_2015	647.0	176
http://www.city.ac.uk/inm713-in3067/2025/Shafi/User_8142	647.0	179
http://www.city.ac.uk/inm713-in3067/2025/Shafi/User_1361	646.0	168
http://www.city.ac.uk/inm713-in3067/2025/Shafi/User_3860	646.0	168
http://www.city.ac.uk/inm713-in3067/2025/Shafi/User_3690	646.0	170
http://www.city.ac.uk/inm713-in3067/2025/Shafi/User_4853	645.0	173
http://www.city.ac.uk/inm713-in3067/2025/Shafi/User_8069	645.0	174
http://www.city.ac.uk/inm713-in3067/2025/Shafi/User_8555	645.0	175
http://www.city.ac.uk/inm713-in3067/2025/Shafi/User_9518	644.0	166
http://www.city.ac.uk/inm713-in3067/2025/Shafi/User_7846	644.0	167
http://www.city.ac.uk/inm713-in3067/2025/Shafi/User_9154	644.0	168
http://www.city.ac.uk/inm713-in3067/2025/Shafi/User_4842	644.0	174
http://www.city.ac.uk/inm713-in3067/2025/Shafi/User_6529	644.0	175
http://www.city.ac.uk/inm713-in3067/2025/Shafi/User_8457	643.0	172
http://www.city.ac.uk/inm713-in3067/2025/Shafi/User_7200	643.0	174
http://www.city.ac.uk/inm713-in3067/2025/Shafi/User_5111	642.0	165
http://www.city.ac.uk/inm713-in3067/2025/Shafi/User_2653	642.0	177
http://www.city.ac.uk/inm713-in3067/2025/Shafi/User_9701	642.0	178
http://www.city.ac.uk/inm713-in3067/2025/Shafi/User_6953	641.0	161
http://www.city.ac.uk/inm713-in3067/2025/Shafi/User_2444	641.0	163
http://www.city.ac.uk/inm713-in3067/2025/Shafi/User_2160	641.0	164
http://www.city.ac.uk/inm713-in3067/2025/Shafi/User_1912	641.0	177
http://www.city.ac.uk/inm713-in3067/2025/Shafi/User_7214	640.0	161
http://www.city.ac.uk/inm713-in3067/2025/Shafi/User_8762	640.0	164
http://www.city.ac.uk/inm713-in3067/2025/Shafi/User_7103	640.0	173
http://www.city.ac.uk/inm713-in3067/2025/Shafi/User_6713	639.0	163
http://www.city.ac.uk/inm713-in3067/2025/Shafi/User_242	639.0	167
http://www.city.ac.uk/inm713-in3067/2025/Shafi/User_327	638.0	163
http://www.city.ac.uk/inm713-in3067/2025/Shafi/User_7424	638.0	171
http://www.city.ac.uk/inm713-in3067/2025/Shafi/User_8436	637.0	163
http://www.city.ac.uk/inm713-in3067/2025/Shafi/User_8976	637.0	163
http://www.city.ac.uk/inm713-in3067/2025/Shafi/User_7199	637.0	165
http://www.city.ac.uk/inm713-in3067/2025/Shafi/User_8879	636.0	161
http://www.city.ac.uk/inm713-in3067/2025/Shafi/User_5397	635.0	163
http://www.city.ac.uk/inm713-in3067/2025/Shafi/User_8973	635.0	165
http://www.city.ac.uk/inm713-in3067/2025/Shafi/User_7629	635.0	175
http://www.city.ac.uk/inm713-in3067/2025/Shafi/User_8480	634.0	171
http://www.city.ac.uk/inm713-in3067/2025/Shafi/User_2236	634.0	178
http://www.city.ac.uk/inm713-in3067/2025/Shafi/User_4098	633.0	162
http://www.city.ac.uk/inm713-in3067/2025/Shafi/User_5551	633.0	167
http://www.city.ac.uk/inm713-in3067/2025/Shafi/User_2826	633.0	172
http://www.city.ac.uk/inm713-in3067/2025/Shafi/User_560	633.0	176
http://www.city.ac.uk/inm713-in3067/2025/Shafi/User_9339	632.0	162
http://www.city.ac.uk/inm713-in3067/2025/Shafi/User_4295	632.0	165
http://www.city.ac.uk/inm713-in3067/2025/Shafi/User_9431	632.0	174
http://www.city.ac.uk/inm713-in3067/2025/Shafi/User_7067	631.0	169
http://www.city.ac.uk/inm713-in3067/2025/Shafi/User_5773	630.0	163
http://www.city.ac.uk/inm713-in3067/2025/Shafi/User_7736	630.0	163
http://www.city.ac.uk/inm713-in3067/2025/Shafi/User_5477	630.0	167
http://www.city.ac.uk/inm713-in3067/2025/Shafi/User_3408	630.0	178
http://www.city.ac.uk/inm713-in3067/2025/Shafi/User_4073	630.0	178
http://www.city.ac.uk/inm713-in3067/2025/Shafi/User_8039	629.0	168
http://www.city.ac.uk/inm713-in3067/2025/Shafi/User_6135	628.0	163
http://www.city.ac.uk/inm713-in3067/2025/Shafi/User_8157	628.0	167
http://www.city.ac.uk/inm713-in3067/2025/Shafi/User_8118	628.0	169
http://www.city.ac.uk/inm713-in3067/2025/Shafi/User_308	627.0	164
http://www.city.ac.uk/inm713-in3067/2025/Shafi/User_5752	627.0	169
http://www.city.ac.uk/inm713-in3067/2025/Shafi/User_8295	627.0	175
http://www.city.ac.uk/inm713-in3067/2025/Shafi/User_4364	626.0	176
http://www.city.ac.uk/inm713-in3067/2025/Shafi/User_1575	625.0	167
http://www.city.ac.uk/inm713-in3067/2025/Shafi/User_1967	624.0	165
http://www.city.ac.uk/inm713-in3067/2025/Shafi/User_2073	624.0	175
http://www.city.ac.uk/inm713-in3067/2025/Shafi/User_7919	623.0	161
http://www.city.ac.uk/inm713-in3067/2025/Shafi/User_7797	623.0	167
http://www.city.ac.uk/inm713-in3067/2025/Shafi/User_2833	623.0	171
http://www.city.ac.uk/inm713-in3067/2025/Shafi/User_2483	622.0	160
http://www.city.ac.uk/inm713-in3067/2025/Shafi/User_3488	622.0	162
http://www.city.ac.uk/inm713-in3067/2025/Shafi/User_1024	622.0	174
http://www.city.ac.uk/inm713-in3067/2025/Shafi/User_558	621.0	160
http://www.city.ac.uk/inm713-in3067/2025/Shafi/User_4771	621.0	167
http://www.city.ac.uk/inm713-in3067/2025/Shafi/User_6330	620.0	178
http://www.city.ac.uk/inm713-in3067/2025/Shafi/User_4963	619.0	167
http://www.city.ac.uk/inm713-in3067/2025/Shafi/User_2113	618.0	160
http://www.city.ac.uk/inm713-in3067/2025/Shafi/User_7982	618.0	168
http://www.city.ac.uk/inm713-in3067/2025/Shafi/User_2037	618.0	172
http://www.city.ac.uk/inm713-in3067/2025/Shafi/User_7010	618.0	177
http://www.city.ac.uk/inm713-in3067/2025/Shafi/User_1019	616.0	165
http://www.city.ac.uk/inm713-in3067/2025/Shafi/User_127	616.0	169
http://www.city.ac.uk/inm713-in3067/2025/Shafi/User_7696	615.0	164
http://www.city.ac.uk/inm713-in3067/2025/Shafi/User_1454	615.0	177
http://www.city.ac.uk/inm713-in3067/2025/Shafi/User_177	615.0	177
http://www.city.ac.uk/inm713-in3067/2025/Shafi/User_3977	614.0	170
http://www.city.ac.uk/inm713-in3067/2025/Shafi/User_8735	613.0	161
http://www.city.ac.uk/inm713-in3067/2025/Shafi/User_3761	613.0	162
http://www.city.ac.uk/inm713-in3067/2025/Shafi/User_9616	613.0	168
http://www.city.ac.uk/inm713-in3067/2025/Shafi/User_9688	613.0	174
http://www.city.ac.uk/inm713-in3067/2025/Shafi/User_5338	613.0	175
http://www.city.ac.uk/inm713-in3067/2025/Shafi/User_2502	613.0	179
http://www.city.ac.uk/inm713-in3067/2025/Shafi/User_2109	612.0	167
http://www.city.ac.uk/inm713-in3067/2025/Shafi/User_2	612.0	168
http://www.city.ac.uk/inm713-in3067/2025/Shafi/User_9073	612.0	170
http://www.city.ac.uk/inm713-in3067/2025/Shafi/User_463	611.0	174
http://www.city.ac.uk/inm713-in3067/2025/Shafi/User_3208	611.0	179
http://www.city.ac.uk/inm713-in3067/2025/Shafi/User_4536	610.0	161
http://www.city.ac.uk/inm713-in3067/2025/Shafi/User_1284	610.0	162
http://www.city.ac.uk/inm713-in3067/2025/Shafi/User_4627	609.0	179
http://www.city.ac.uk/inm713-in3067/2025/Shafi/User_3945	608.0	175
http://www.city.ac.uk/inm713-in3067/2025/Shafi/User_9348	608.0	175
http://www.city.ac.uk/inm713-in3067/2025/Shafi/User_1146	608.0	176
http://www.city.ac.uk/inm713-in3067/2025/Shafi/User_2705	608.0	176
http://www.city.ac.uk/inm713-in3067/2025/Shafi/User_3695	608.0	177
http://www.city.ac.uk/inm713-in3067/2025/Shafi/User_1032	608.0	178
http://www.city.ac.uk/inm713-in3067/2025/Shafi/User_8821	607.0	164
http://www.city.ac.uk/inm713-in3067/2025/Shafi/User_3186	607.0	172
http://www.city.ac.uk/inm713-in3067/2025/Shafi/User_769	606.0	166
http://www.city.ac.uk/inm713-in3067/2025/Shafi/User_7467	606.0	175
http://www.city.ac.uk/inm713-in3067/2025/Shafi/User_9104	605.0	161
http://www.city.ac.uk/inm713-in3067/2025/Shafi/User_2613	605.0	170
http://www.city.ac.uk/inm713-in3067/2025/Shafi/User_1402	604.0	169
http://www.city.ac.uk/inm713-in3067/2025/Shafi/User_4367	604.0	177
http://www.city.ac.uk/inm713-in3067/2025/Shafi/User_9636	603.0	169
http://www.city.ac.uk/inm713-in3067/2025/Shafi/User_1517	603.0	178
http://www.city.ac.uk/inm713-in3067/2025/Shafi/User_266	602.0	160
http://www.city.ac.uk/inm713-in3067/2025/Shafi/User_2878	602.0	161
http://www.city.ac.uk/inm713-in3067/2025/Shafi/User_8526	602.0	168
http://www.city.ac.uk/inm713-in3067/2025/Shafi/User_8997	601.0	161
http://www.city.ac.uk/inm713-in3067/2025/Shafi/User_497	601.0	162
http://www.city.ac.uk/inm713-in3067/2025/Shafi/User_4247	601.0	176
http://www.city.ac.uk/inm713-in3067/2025/Shafi/User_4256	601.0	177
http://www.city.ac.uk/inm713-in3067/2025/Shafi/User_1565	600.0	160
http://www.city.ac.uk/inm713-in3067/2025/Shafi/User_2804	600.0	160
http://www.city.ac.uk/inm713-in3067/2025/Shafi/User_2378	600.0	163
http://www.city.ac.uk/inm713-in3067/2025/Shafi/User_105	600.0	177
http://www.city.ac.uk/inm713-in3067/2025/Shafi/User_8808	599.0	162
http://www.city.ac.uk/inm713-in3067/2025/Shafi/User_256	598.0	161
http://www.city.ac.uk/inm713-in3067/2025/Shafi/User_5772	598.0	161
http://www.city.ac.uk/inm713-in3067/2025/Shafi/User_8124	598.0	162
http://www.city.ac.uk/inm713-in3067/2025/Shafi/User_7711	598.0	168
http://www.city.ac.uk/inm713-in3067/2025/Shafi/User_2028	598.0	169
http://www.city.ac.uk/inm713-in3067/2025/Shafi/User_7072	598.0	173
http://www.city.ac.uk/inm713-in3067/2025/Shafi/User_8316	597.0	178
http://www.city.ac.uk/inm713-in3067/2025/Shafi/User_9239	596.0	166
http://www.city.ac.uk/inm713-in3067/2025/Shafi/User_9982	596.0	170
http://www.city.ac.uk/inm713-in3067/2025/Shafi/User_1773	596.0	174
http://www.city.ac.uk/inm713-in3067/2025/Shafi/User_1668	596.0	179
http://www.city.ac.uk/inm713-in3067/2025/Shafi/User_9572	595.0	171
http://www.city.ac.uk/inm713-in3067/2025/Shafi/User_7820	595.0	173
http://www.city.ac.uk/inm713-in3067/2025/Shafi/User_7459	594.0	166
http://www.city.ac.uk/inm713-in3067/2025/Shafi/User_2616	594.0	167
http://www.city.ac.uk/inm713-in3067/2025/Shafi/User_9889	594.0	167
http://www.city.ac.uk/inm713-in3067/2025/Shafi/User_5864	594.0	178
http://www.city.ac.uk/inm713-in3067/2025/Shafi/User_9589	593.0	167
http://www.city.ac.uk/inm713-in3067/2025/Shafi/User_6111	593.0	177
http://www.city.ac.uk/inm713-in3067/2025/Shafi/User_8600	592.0	163
http://www.city.ac.uk/inm713-in3067/2025/Shafi/User_227	592.0	166
http://www.city.ac.uk/inm713-in3067/2025/Shafi/User_8664	592.0	177
http://www.city.ac.uk/inm713-in3067/2025/Shafi/User_8878	592.0	177
http://www.city.ac.uk/inm713-in3067/2025/Shafi/User_3637	591.0	161
http://www.city.ac.uk/inm713-in3067/2025/Shafi/User_7159	591.0	161
http://www.city.ac.uk/inm713-in3067/2025/Shafi/User_5178	591.0	162
http://www.city.ac.uk/inm713-in3067/2025/Shafi/User_1504	591.0	168
http://www.city.ac.uk/inm713-in3067/2025/Shafi/User_542	590.0	160
http://www.city.ac.uk/inm713-in3067/2025/Shafi/User_7238	589.0	162
http://www.city.ac.uk/inm713-in3067/2025/Shafi/User_9516	589.0	162
http://www.city.ac.uk/inm713-in3067/2025/Shafi/User_7482	589.0	175
http://www.city.ac.uk/inm713-in3067/2025/Shafi/User_5939	588.0	163
http://www.city.ac.uk/inm713-in3067/2025/Shafi/User_9895	588.0	170
http://www.city.ac.uk/inm713-in3067/2025/Shafi/User_1914	588.0	176
http://www.city.ac.uk/inm713-in3067/2025/Shafi/User_5806	588.0	176
http://www.city.ac.uk/inm713-in3067/2025/Shafi/User_307	587.0	176
http://www.city.ac.uk/inm713-in3067/2025/Shafi/User_9866	586.0	160
http://www.city.ac.uk/inm713-in3067/2025/Shafi/User_6876	586.0	170
http://www.city.ac.uk/inm713-in3067/2025/Shafi/User_5172	586.0	171
http://www.city.ac.uk/inm713-in3067/2025/Shafi/User_1493	586.0	173
http://www.city.ac.uk/inm713-in3067/2025/Shafi/User_1641	586.0	173
http://www.city.ac.uk/inm713-in3067/2025/Shafi/User_2110	586.0	177
http://www.city.ac.uk/inm713-in3067/2025/Shafi/User_3681	585.0	177
http://www.city.ac.uk/inm713-in3067/2025/Shafi/User_2707	584.0	167
http://www.city.ac.uk/inm713-in3067/2025/Shafi/User_2948	584.0	173
http://www.city.ac.uk/inm713-in3067/2025/Shafi/User_7943	583.0	161
http://www.city.ac.uk/inm713-in3067/2025/Shafi/User_564	583.0	167
http://www.city.ac.uk/inm713-in3067/2025/Shafi/User_8509	582.0	160
http://www.city.ac.uk/inm713-in3067/2025/Shafi/User_8726	581.0	160
http://www.city.ac.uk/inm713-in3067/2025/Shafi/User_2173	581.0	166
http://www.city.ac.uk/inm713-in3067/2025/Shafi/User_9361	581.0	169
http://www.city.ac.uk/inm713-in3067/2025/Shafi/User_8144	579.0	163
http://www.city.ac.uk/inm713-in3067/2025/Shafi/User_2830	579.0	173
http://www.city.ac.uk/inm713-in3067/2025/Shafi/User_4112	578.0	174
http://www.city.ac.uk/inm713-in3067/2025/Shafi/User_2909	578.0	177
http://www.city.ac.uk/inm713-in3067/2025/Shafi/User_7917	577.0	162
http://www.city.ac.uk/inm713-in3067/2025/Shafi/User_5389	577.0	166
http://www.city.ac.uk/inm713-in3067/2025/Shafi/User_5986	577.0	168
http://www.city.ac.uk/inm713-in3067/2025/Shafi/User_8689	577.0	174
http://www.city.ac.uk/inm713-in3067/2025/Shafi/User_5106	575.0	160
http://www.city.ac.uk/inm713-in3067/2025/Shafi/User_8322	575.0	162
http://www.city.ac.uk/inm713-in3067/2025/Shafi/User_345	575.0	168
http://www.city.ac.uk/inm713-in3067/2025/Shafi/User_8657	573.0	166
http://www.city.ac.uk/inm713-in3067/2025/Shafi/User_4898	573.0	168
http://www.city.ac.uk/inm713-in3067/2025/Shafi/User_2071	573.0	172
http://www.city.ac.uk/inm713-in3067/2025/Shafi/User_2154	572.0	165
http://www.city.ac.uk/inm713-in3067/2025/Shafi/User_3041	572.0	167
http://www.city.ac.uk/inm713-in3067/2025/Shafi/User_4346	572.0	176
http://www.city.ac.uk/inm713-in3067/2025/Shafi/User_8857	571.0	160
http://www.city.ac.uk/inm713-in3067/2025/Shafi/User_1006	571.0	162
http://www.city.ac.uk/inm713-in3067/2025/Shafi/User_6995	571.0	167
http://www.city.ac.uk/inm713-in3067/2025/Shafi/User_442	571.0	173
http://www.city.ac.uk/inm713-in3067/2025/Shafi/User_1400	570.0	166
http://www.city.ac.uk/inm713-in3067/2025/Shafi/User_2194	570.0	170
http://www.city.ac.uk/inm713-in3067/2025/Shafi/User_8732	570.0	178
http://www.city.ac.uk/inm713-in3067/2025/Shafi/User_5089	569.0	161
http://www.city.ac.uk/inm713-in3067/2025/Shafi/User_9422	568.0	174
http://www.city.ac.uk/inm713-in3067/2025/Shafi/User_8800	564.0	164
http://www.city.ac.uk/inm713-in3067/2025/Shafi/User_214	564.0	169
http://www.city.ac.uk/inm713-in3067/2025/Shafi/User_5364	564.0	172
http://www.city.ac.uk/inm713-in3067/2025/Shafi/User_4788	563.0	160
http://www.city.ac.uk/inm713-in3067/2025/Shafi/User_9099	563.0	169
http://www.city.ac.uk/inm713-in3067/2025/Shafi/User_5452	562.0	163
http://www.city.ac.uk/inm713-in3067/2025/Shafi/User_5956	562.0	163
http://www.city.ac.uk/inm713-in3067/2025/Shafi/User_6697	562.0	170
http://www.city.ac.uk/inm713-in3067/2025/Shafi/User_7433	562.0	172
http://www.city.ac.uk/inm713-in3067/2025/Shafi/User_7988	561.0	161
http://www.city.ac.uk/inm713-in3067/2025/Shafi/User_679	561.0	162
http://www.city.ac.uk/inm713-in3067/2025/Shafi/User_8171	560.0	164
http://www.city.ac.uk/inm713-in3067/2025/Shafi/User_9711	560.0	177
http://www.city.ac.uk/inm713-in3067/2025/Shafi/User_5088	559.0	171
http://www.city.ac.uk/inm713-in3067/2025/Shafi/User_3175	559.0	176
http://www.city.ac.uk/inm713-in3067/2025/Shafi/User_3980	559.0	178
http://www.city.ac.uk/inm713-in3067/2025/Shafi/User_979	558.0	167
http://www.city.ac.uk/inm713-in3067/2025/Shafi/User_685	558.0	172
http://www.city.ac.uk/inm713-in3067/2025/Shafi/User_2307	557.0	167
http://www.city.ac.uk/inm713-in3067/2025/Shafi/User_6740	557.0	178
http://www.city.ac.uk/inm713-in3067/2025/Shafi/User_1291	556.0	162
http://www.city.ac.uk/inm713-in3067/2025/Shafi/User_8062	556.0	168
http://www.city.ac.uk/inm713-in3067/2025/Shafi/User_9016	556.0	175
http://www.city.ac.uk/inm713-in3067/2025/Shafi/User_4461	556.0	178
http://www.city.ac.uk/inm713-in3067/2025/Shafi/User_2540	555.0	161
http://www.city.ac.uk/inm713-in3067/2025/Shafi/User_4492	555.0	166
http://www.city.ac.uk/inm713-in3067/2025/Shafi/User_8832	555.0	166
http://www.city.ac.uk/inm713-in3067/2025/Shafi/User_6201	555.0	175
http://www.city.ac.uk/inm713-in3067/2025/Shafi/User_3990	555.0	176
http://www.city.ac.uk/inm713-in3067/2025/Shafi/User_5104	555.0	179
http://www.city.ac.uk/inm713-in3067/2025/Shafi/User_6617	555.0	179
http://www.city.ac.uk/inm713-in3067/2025/Shafi/User_743	553.0	166
http://www.city.ac.uk/inm713-in3067/2025/Shafi/User_2107	553.0	168
http://www.city.ac.uk/inm713-in3067/2025/Shafi/User_9782	553.0	179
http://www.city.ac.uk/inm713-in3067/2025/Shafi/User_579	552.0	167
http://www.city.ac.uk/inm713-in3067/2025/Shafi/User_8247	552.0	168
http://www.city.ac.uk/inm713-in3067/2025/Shafi/User_4556	551.0	161
http://www.city.ac.uk/inm713-in3067/2025/Shafi/User_306	551.0	170
http://www.city.ac.uk/inm713-in3067/2025/Shafi/User_5226	551.0	171
http://www.city.ac.uk/inm713-in3067/2025/Shafi/User_2482	550.0	174
http://www.city.ac.uk/inm713-in3067/2025/Shafi/User_5756	550.0	175
http://www.city.ac.uk/inm713-in3067/2025/Shafi/User_6596	550.0	175
http://www.city.ac.uk/inm713-in3067/2025/Shafi/User_4191	550.0	178
http://www.city.ac.uk/inm713-in3067/2025/Shafi/User_1730	549.0	167
http://www.city.ac.uk/inm713-in3067/2025/Shafi/User_2646	549.0	170
http://www.city.ac.uk/inm713-in3067/2025/Shafi/User_1310	549.0	175
http://www.city.ac.uk/inm713-in3067/2025/Shafi/User_2792	549.0	178
http://www.city.ac.uk/inm713-in3067/2025/Shafi/User_1644	548.0	160
http://www.city.ac.uk/inm713-in3067/2025/Shafi/User_4873	547.0	162
http://www.city.ac.uk/inm713-in3067/2025/Shafi/User_1008	547.0	164
http://www.city.ac.uk/inm713-in3067/2025/Shafi/User_8858	547.0	167
http://www.city.ac.uk/inm713-in3067/2025/Shafi/User_9962	547.0	173
http://www.city.ac.uk/inm713-in3067/2025/Shafi/User_69	546.0	165
http://www.city.ac.uk/inm713-in3067/2025/Shafi/User_5486	546.0	175
http://www.city.ac.uk/inm713-in3067/2025/Shafi/User_5952	545.0	164
http://www.city.ac.uk/inm713-in3067/2025/Shafi/User_6072	545.0	167
http://www.city.ac.uk/inm713-in3067/2025/Shafi/User_1617	545.0	178
http://www.city.ac.uk/inm713-in3067/2025/Shafi/User_1183	544.0	164
http://www.city.ac.uk/inm713-in3067/2025/Shafi/User_8495	544.0	172
http://www.city.ac.uk/inm713-in3067/2025/Shafi/User_3413	544.0	175
http://www.city.ac.uk/inm713-in3067/2025/Shafi/User_4986	541.0	167
http://www.city.ac.uk/inm713-in3067/2025/Shafi/User_7901	541.0	172
http://www.city.ac.uk/inm713-in3067/2025/Shafi/User_4452	541.0	173
http://www.city.ac.uk/inm713-in3067/2025/Shafi/User_9340	541.0	176
http://www.city.ac.uk/inm713-in3067/2025/Shafi/User_1915	541.0	179
http://www.city.ac.uk/inm713-in3067/2025/Shafi/User_8406	541.0	179
http://www.city.ac.uk/inm713-in3067/2025/Shafi/User_1185	540.0	161
http://www.city.ac.uk/inm713-in3067/2025/Shafi/User_1410	540.0	162
http://www.city.ac.uk/inm713-in3067/2025/Shafi/User_5428	540.0	163
http://www.city.ac.uk/inm713-in3067/2025/Shafi/User_5186	540.0	168
http://www.city.ac.uk/inm713-in3067/2025/Shafi/User_6148	540.0	168
http://www.city.ac.uk/inm713-in3067/2025/Shafi/User_8496	540.0	176
http://www.city.ac.uk/inm713-in3067/2025/Shafi/User_9568	539.0	167
http://www.city.ac.uk/inm713-in3067/2025/Shafi/User_5068	539.0	170
http://www.city.ac.uk/inm713-in3067/2025/Shafi/User_9997	539.0	170
http://www.city.ac.uk/inm713-in3067/2025/Shafi/User_6079	539.0	173
http://www.city.ac.uk/inm713-in3067/2025/Shafi/User_5345	539.0	175
http://www.city.ac.uk/inm713-in3067/2025/Shafi/User_4671	538.0	167
http://www.city.ac.uk/inm713-in3067/2025/Shafi/User_9871	538.0	176
http://www.city.ac.uk/inm713-in3067/2025/Shafi/User_8701	537.0	161
http://www.city.ac.uk/inm713-in3067/2025/Shafi/User_6211	537.0	165
http://www.city.ac.uk/inm713-in3067/2025/Shafi/User_5443	536.0	161
http://www.city.ac.uk/inm713-in3067/2025/Shafi/User_5543	536.0	162
http://www.city.ac.uk/inm713-in3067/2025/Shafi/User_4975	536.0	167
http://www.city.ac.uk/inm713-in3067/2025/Shafi/User_1013	536.0	168
http://www.city.ac.uk/inm713-in3067/2025/Shafi/User_8749	535.0	170
http://www.city.ac.uk/inm713-in3067/2025/Shafi/User_3386	534.0	164
http://www.city.ac.uk/inm713-in3067/2025/Shafi/User_4757	534.0	167
http://www.city.ac.uk/inm713-in3067/2025/Shafi/User_1456	533.0	160
http://www.city.ac.uk/inm713-in3067/2025/Shafi/User_5533	533.0	160
http://www.city.ac.uk/inm713-in3067/2025/Shafi/User_6340	533.0	161
http://www.city.ac.uk/inm713-in3067/2025/Shafi/User_6560	533.0	167
http://www.city.ac.uk/inm713-in3067/2025/Shafi/User_2472	533.0	176
http://www.city.ac.uk/inm713-in3067/2025/Shafi/User_2712	533.0	177
http://www.city.ac.uk/inm713-in3067/2025/Shafi/User_748	532.0	163
http://www.city.ac.uk/inm713-in3067/2025/Shafi/User_9370	532.0	169
http://www.city.ac.uk/inm713-in3067/2025/Shafi/User_513	531.0	169
http://www.city.ac.uk/inm713-in3067/2025/Shafi/User_8498	531.0	176
http://www.city.ac.uk/inm713-in3067/2025/Shafi/User_8236	530.0	174
http://www.city.ac.uk/inm713-in3067/2025/Shafi/User_4801	529.0	163
http://www.city.ac.uk/inm713-in3067/2025/Shafi/User_2967	529.0	168
http://www.city.ac.uk/inm713-in3067/2025/Shafi/User_9420	529.0	169
http://www.city.ac.uk/inm713-in3067/2025/Shafi/User_1592	529.0	175
http://www.city.ac.uk/inm713-in3067/2025/Shafi/User_1265	528.0	163
http://www.city.ac.uk/inm713-in3067/2025/Shafi/User_566	528.0	167
http://www.city.ac.uk/inm713-in3067/2025/Shafi/User_273	525.0	172
http://www.city.ac.uk/inm713-in3067/2025/Shafi/User_1022	524.0	166
http://www.city.ac.uk/inm713-in3067/2025/Shafi/User_8853	524.0	173
http://www.city.ac.uk/inm713-in3067/2025/Shafi/User_2019	524.0	176
http://www.city.ac.uk/inm713-in3067/2025/Shafi/User_1226	523.0	160
http://www.city.ac.uk/inm713-in3067/2025/Shafi/User_4917	523.0	163
http://www.city.ac.uk/inm713-in3067/2025/Shafi/User_618	523.0	171
http://www.city.ac.uk/inm713-in3067/2025/Shafi/User_6666	523.0	171
http://www.city.ac.uk/inm713-in3067/2025/Shafi/User_8704	523.0	175
http://www.city.ac.uk/inm713-in3067/2025/Shafi/User_4246	522.0	172
http://www.city.ac.uk/inm713-in3067/2025/Shafi/User_2311	522.0	179
http://www.city.ac.uk/inm713-in3067/2025/Shafi/User_966	521.0	169
http://www.city.ac.uk/inm713-in3067/2025/Shafi/User_151	520.0	160
http://www.city.ac.uk/inm713-in3067/2025/Shafi/User_8218	520.0	161
http://www.city.ac.uk/inm713-in3067/2025/Shafi/User_4964	519.0	179
http://www.city.ac.uk/inm713-in3067/2025/Shafi/User_8893	518.0	169
http://www.city.ac.uk/inm713-in3067/2025/Shafi/User_1431	518.0	179
http://www.city.ac.uk/inm713-in3067/2025/Shafi/User_4623	517.0	165
http://www.city.ac.uk/inm713-in3067/2025/Shafi/User_6409	516.0	160
http://www.city.ac.uk/inm713-in3067/2025/Shafi/User_2252	516.0	171
http://www.city.ac.uk/inm713-in3067/2025/Shafi/User_2176	515.0	167
http://www.city.ac.uk/inm713-in3067/2025/Shafi/User_7572	515.0	169
http://www.city.ac.uk/inm713-in3067/2025/Shafi/User_9741	515.0	173
http://www.city.ac.uk/inm713-in3067/2025/Shafi/User_7148	514.0	165
http://www.city.ac.uk/inm713-in3067/2025/Shafi/User_2766	514.0	170
http://www.city.ac.uk/inm713-in3067/2025/Shafi/User_323	514.0	174
http://www.city.ac.uk/inm713-in3067/2025/Shafi/User_7004	514.0	176
http://www.city.ac.uk/inm713-in3067/2025/Shafi/User_6250	513.0	163
http://www.city.ac.uk/inm713-in3067/2025/Shafi/User_2917	513.0	164
http://www.city.ac.uk/inm713-in3067/2025/Shafi/User_7223	513.0	168
http://www.city.ac.uk/inm713-in3067/2025/Shafi/User_3345	513.0	177
http://www.city.ac.uk/inm713-in3067/2025/Shafi/User_1276	512.0	165
http://www.city.ac.uk/inm713-in3067/2025/Shafi/User_8868	511.0	160
http://www.city.ac.uk/inm713-in3067/2025/Shafi/User_2750	511.0	174
http://www.city.ac.uk/inm713-in3067/2025/Shafi/User_3718	511.0	174
http://www.city.ac.uk/inm713-in3067/2025/Shafi/User_1007	510.0	176
http://www.city.ac.uk/inm713-in3067/2025/Shafi/User_43	508.0	173
http://www.city.ac.uk/inm713-in3067/2025/Shafi/User_5358	507.0	160
http://www.city.ac.uk/inm713-in3067/2025/Shafi/User_9867	506.0	171
http://www.city.ac.uk/inm713-in3067/2025/Shafi/User_5296	506.0	173
http://www.city.ac.uk/inm713-in3067/2025/Shafi/User_7533	506.0	174
http://www.city.ac.uk/inm713-in3067/2025/Shafi/User_2564	504.0	166
http://www.city.ac.uk/inm713-in3067/2025/Shafi/User_8120	504.0	169
http://www.city.ac.uk/inm713-in3067/2025/Shafi/User_1895	504.0	171
http://www.city.ac.uk/inm713-in3067/2025/Shafi/User_4778	504.0	171
http://www.city.ac.uk/inm713-in3067/2025/Shafi/User_2458	504.0	178
http://www.city.ac.uk/inm713-in3067/2025/Shafi/User_9463	503.0	168
http://www.city.ac.uk/inm713-in3067/2025/Shafi/User_5353	502.0	168
http://www.city.ac.uk/inm713-in3067/2025/Shafi/User_1807	502.0	174
http://www.city.ac.uk/inm713-in3067/2025/Shafi/User_8682	502.0	176
http://www.city.ac.uk/inm713-in3067/2025/Shafi/User_840	502.0	178
http://www.city.ac.uk/inm713-in3067/2025/Shafi/User_4618	502.0	179
http://www.city.ac.uk/inm713-in3067/2025/Shafi/User_923	501.0	175
